-- phpMyAdmin SQL Dump
-- version 5.2.0
-- https://www.phpmyadmin.net/
--
-- Host: localhost:3306
-- Generation Time: Apr 08, 2025 at 04:45 AM
-- Server version: 8.0.30
-- PHP Version: 8.3.7

SET SQL_MODE = "NO_AUTO_VALUE_ON_ZERO";
START TRANSACTION;
SET time_zone = "+00:00";


/*!40101 SET @OLD_CHARACTER_SET_CLIENT=@@CHARACTER_SET_CLIENT */;
/*!40101 SET @OLD_CHARACTER_SET_RESULTS=@@CHARACTER_SET_RESULTS */;
/*!40101 SET @OLD_COLLATION_CONNECTION=@@COLLATION_CONNECTION */;
/*!40101 SET NAMES utf8mb4 */;

--
-- Database: `quizbot`
--

-- --------------------------------------------------------

--
-- Table structure for table `cache`
--

CREATE TABLE `cache` (
  `key` varchar(255) COLLATE utf8mb4_unicode_ci NOT NULL,
  `value` mediumtext COLLATE utf8mb4_unicode_ci NOT NULL,
  `expiration` int NOT NULL
) ENGINE=InnoDB DEFAULT CHARSET=utf8mb4 COLLATE=utf8mb4_unicode_ci;

-- --------------------------------------------------------

--
-- Table structure for table `cache_locks`
--

CREATE TABLE `cache_locks` (
  `key` varchar(255) COLLATE utf8mb4_unicode_ci NOT NULL,
  `owner` varchar(255) COLLATE utf8mb4_unicode_ci NOT NULL,
  `expiration` int NOT NULL
) ENGINE=InnoDB DEFAULT CHARSET=utf8mb4 COLLATE=utf8mb4_unicode_ci;

-- --------------------------------------------------------

--
-- Table structure for table `failed_jobs`
--

CREATE TABLE `failed_jobs` (
  `id` bigint UNSIGNED NOT NULL,
  `uuid` varchar(255) COLLATE utf8mb4_unicode_ci NOT NULL,
  `connection` text COLLATE utf8mb4_unicode_ci NOT NULL,
  `queue` text COLLATE utf8mb4_unicode_ci NOT NULL,
  `payload` longtext COLLATE utf8mb4_unicode_ci NOT NULL,
  `exception` longtext COLLATE utf8mb4_unicode_ci NOT NULL,
  `failed_at` timestamp NOT NULL DEFAULT CURRENT_TIMESTAMP
) ENGINE=InnoDB DEFAULT CHARSET=utf8mb4 COLLATE=utf8mb4_unicode_ci;

-- --------------------------------------------------------

--
-- Table structure for table `jobs`
--

CREATE TABLE `jobs` (
  `id` bigint UNSIGNED NOT NULL,
  `queue` varchar(255) COLLATE utf8mb4_unicode_ci NOT NULL,
  `payload` longtext COLLATE utf8mb4_unicode_ci NOT NULL,
  `attempts` tinyint UNSIGNED NOT NULL,
  `reserved_at` int UNSIGNED DEFAULT NULL,
  `available_at` int UNSIGNED NOT NULL,
  `created_at` int UNSIGNED NOT NULL
) ENGINE=InnoDB DEFAULT CHARSET=utf8mb4 COLLATE=utf8mb4_unicode_ci;

-- --------------------------------------------------------

--
-- Table structure for table `job_batches`
--

CREATE TABLE `job_batches` (
  `id` varchar(255) COLLATE utf8mb4_unicode_ci NOT NULL,
  `name` varchar(255) COLLATE utf8mb4_unicode_ci NOT NULL,
  `total_jobs` int NOT NULL,
  `pending_jobs` int NOT NULL,
  `failed_jobs` int NOT NULL,
  `failed_job_ids` longtext COLLATE utf8mb4_unicode_ci NOT NULL,
  `options` mediumtext COLLATE utf8mb4_unicode_ci,
  `cancelled_at` int DEFAULT NULL,
  `created_at` int NOT NULL,
  `finished_at` int DEFAULT NULL
) ENGINE=InnoDB DEFAULT CHARSET=utf8mb4 COLLATE=utf8mb4_unicode_ci;

-- --------------------------------------------------------

--
-- Table structure for table `migrations`
--

CREATE TABLE `migrations` (
  `id` int UNSIGNED NOT NULL,
  `migration` varchar(255) COLLATE utf8mb4_unicode_ci NOT NULL,
  `batch` int NOT NULL
) ENGINE=InnoDB DEFAULT CHARSET=utf8mb4 COLLATE=utf8mb4_unicode_ci;

--
-- Dumping data for table `migrations`
--

INSERT INTO `migrations` (`id`, `migration`, `batch`) VALUES
(1, '0001_01_01_000000_create_users_table', 1),
(2, '0001_01_01_000001_create_cache_table', 1),
(3, '0001_01_01_000002_create_jobs_table', 1),
(4, '2025_03_05_112634_create_subjects_table', 1),
(5, '2025_04_03_140205_create_quizzes_table', 2),
(6, '2025_04_03_141040_create_questions_table', 2);

-- --------------------------------------------------------

--
-- Table structure for table `password_reset_tokens`
--

CREATE TABLE `password_reset_tokens` (
  `telegram_id` varchar(255) COLLATE utf8mb4_unicode_ci NOT NULL,
  `token` varchar(255) COLLATE utf8mb4_unicode_ci NOT NULL,
  `created_at` timestamp NULL DEFAULT NULL
) ENGINE=InnoDB DEFAULT CHARSET=utf8mb4 COLLATE=utf8mb4_unicode_ci;

-- --------------------------------------------------------

--
-- Table structure for table `questions`
--

CREATE TABLE `questions` (
  `id` bigint UNSIGNED NOT NULL,
  `quiz_id` bigint UNSIGNED NOT NULL,
  `question_text` text CHARACTER SET utf8mb4 COLLATE utf8mb4_unicode_ci,
  `option_1` varchar(255) CHARACTER SET utf8mb4 COLLATE utf8mb4_unicode_ci DEFAULT NULL,
  `option_2` varchar(255) CHARACTER SET utf8mb4 COLLATE utf8mb4_unicode_ci DEFAULT NULL,
  `option_3` varchar(255) CHARACTER SET utf8mb4 COLLATE utf8mb4_unicode_ci DEFAULT NULL,
  `option_4` varchar(255) CHARACTER SET utf8mb4 COLLATE utf8mb4_unicode_ci DEFAULT NULL,
  `correct_option` enum('1','2','3','4') CHARACTER SET utf8mb4 COLLATE utf8mb4_unicode_ci NOT NULL DEFAULT '1',
  `deleted_at` timestamp NULL DEFAULT NULL,
  `created_at` timestamp NULL DEFAULT NULL,
  `updated_at` timestamp NULL DEFAULT NULL
) ENGINE=InnoDB DEFAULT CHARSET=utf8mb4 COLLATE=utf8mb4_unicode_ci;

--
-- Dumping data for table `questions`
--

INSERT INTO `questions` (`id`, `quiz_id`, `question_text`, `option_1`, `option_2`, `option_3`, `option_4`, `correct_option`, `deleted_at`, `created_at`, `updated_at`) VALUES
(1, 3, NULL, NULL, NULL, NULL, NULL, '1', NULL, '2025-04-04 11:02:04', '2025-04-04 11:02:04'),
(2, 3, NULL, NULL, NULL, NULL, NULL, '1', NULL, '2025-04-04 11:02:04', '2025-04-04 11:02:04'),
(3, 3, NULL, NULL, NULL, NULL, NULL, '1', NULL, '2025-04-04 11:02:04', '2025-04-04 11:02:04'),
(4, 3, NULL, NULL, NULL, NULL, NULL, '1', NULL, '2025-04-04 11:02:04', '2025-04-04 11:02:04'),
(5, 3, NULL, NULL, NULL, NULL, NULL, '1', NULL, '2025-04-04 11:02:04', '2025-04-04 11:02:04'),
(6, 3, NULL, NULL, NULL, NULL, NULL, '1', NULL, '2025-04-04 11:02:04', '2025-04-04 11:02:04'),
(7, 3, NULL, NULL, NULL, NULL, NULL, '1', NULL, '2025-04-04 11:02:04', '2025-04-04 11:02:04'),
(8, 3, NULL, NULL, NULL, NULL, NULL, '1', NULL, '2025-04-04 11:02:04', '2025-04-04 11:02:04'),
(9, 3, NULL, NULL, NULL, NULL, NULL, '1', NULL, '2025-04-04 11:02:04', '2025-04-04 11:02:04'),
(10, 3, NULL, NULL, NULL, NULL, NULL, '1', NULL, '2025-04-04 11:02:04', '2025-04-04 11:02:04'),
(11, 3, NULL, NULL, NULL, NULL, NULL, '1', NULL, '2025-04-04 11:02:04', '2025-04-04 11:02:04'),
(12, 3, NULL, NULL, NULL, NULL, NULL, '1', NULL, '2025-04-04 11:02:04', '2025-04-04 11:02:04'),
(13, 3, NULL, NULL, NULL, NULL, NULL, '1', NULL, '2025-04-04 11:02:04', '2025-04-04 11:02:04'),
(14, 3, NULL, NULL, NULL, NULL, NULL, '1', NULL, '2025-04-04 11:02:04', '2025-04-04 11:02:04'),
(15, 3, NULL, NULL, NULL, NULL, NULL, '1', NULL, '2025-04-04 11:02:04', '2025-04-04 11:02:04'),
(16, 3, NULL, NULL, NULL, NULL, NULL, '1', NULL, '2025-04-04 11:02:04', '2025-04-04 11:02:04'),
(17, 3, NULL, NULL, NULL, NULL, NULL, '1', NULL, '2025-04-04 11:02:04', '2025-04-04 11:02:04'),
(18, 3, NULL, NULL, NULL, NULL, NULL, '1', NULL, '2025-04-04 11:02:04', '2025-04-04 11:02:04'),
(19, 3, NULL, NULL, NULL, NULL, NULL, '1', NULL, '2025-04-04 11:02:04', '2025-04-04 11:02:04'),
(20, 3, NULL, NULL, NULL, NULL, NULL, '1', NULL, '2025-04-04 11:02:04', '2025-04-04 11:02:04'),
(21, 2, NULL, NULL, NULL, NULL, NULL, '1', '2025-04-07 06:22:29', '2025-04-04 11:02:04', '2025-04-07 06:22:29'),
(22, 4, NULL, NULL, NULL, NULL, NULL, '1', NULL, '2025-04-07 08:28:14', '2025-04-07 08:28:14'),
(23, 4, NULL, NULL, NULL, NULL, NULL, '1', NULL, '2025-04-07 08:28:14', '2025-04-07 08:28:14'),
(24, 4, NULL, NULL, NULL, NULL, NULL, '1', NULL, '2025-04-07 08:28:14', '2025-04-07 08:28:14'),
(25, 4, NULL, NULL, NULL, NULL, NULL, '1', NULL, '2025-04-07 08:28:14', '2025-04-07 08:28:14'),
(26, 4, NULL, NULL, NULL, NULL, NULL, '1', NULL, '2025-04-07 08:28:14', '2025-04-07 08:28:14'),
(27, 4, NULL, NULL, NULL, NULL, NULL, '1', NULL, '2025-04-07 08:28:14', '2025-04-07 08:28:14'),
(28, 4, NULL, NULL, NULL, NULL, NULL, '1', NULL, '2025-04-07 08:28:14', '2025-04-07 08:28:14'),
(29, 4, NULL, NULL, NULL, NULL, NULL, '1', NULL, '2025-04-07 08:28:14', '2025-04-07 08:28:14'),
(30, 4, NULL, NULL, NULL, NULL, NULL, '1', NULL, '2025-04-07 08:28:14', '2025-04-07 08:28:14'),
(31, 4, NULL, NULL, NULL, NULL, NULL, '1', NULL, '2025-04-07 08:28:14', '2025-04-07 08:28:14');

-- --------------------------------------------------------

--
-- Table structure for table `quizzes`
--

CREATE TABLE `quizzes` (
  `id` bigint UNSIGNED NOT NULL,
  `subject_id` bigint UNSIGNED NOT NULL,
  `name` varchar(255) COLLATE utf8mb4_unicode_ci NOT NULL,
  `type` enum('topic','dtm','exam') COLLATE utf8mb4_unicode_ci NOT NULL,
  `deleted_at` timestamp NULL DEFAULT NULL,
  `created_at` timestamp NULL DEFAULT NULL,
  `updated_at` timestamp NULL DEFAULT NULL
) ENGINE=InnoDB DEFAULT CHARSET=utf8mb4 COLLATE=utf8mb4_unicode_ci;

--
-- Dumping data for table `quizzes`
--

INSERT INTO `quizzes` (`id`, `subject_id`, `name`, `type`, `deleted_at`, `created_at`, `updated_at`) VALUES
(2, 2, 'To\'rtburchaklar', 'topic', '2025-04-07 06:22:29', '2025-04-04 11:01:14', '2025-04-07 06:22:29'),
(3, 2, 'To\'rtburchaklar', 'topic', NULL, '2025-04-04 11:02:04', '2025-04-04 11:02:04'),
(4, 3, 'DTM #002', 'dtm', NULL, '2025-04-07 08:28:14', '2025-04-07 08:28:57');

-- --------------------------------------------------------

--
-- Table structure for table `sessions`
--

CREATE TABLE `sessions` (
  `id` varchar(255) COLLATE utf8mb4_unicode_ci NOT NULL,
  `user_id` bigint UNSIGNED DEFAULT NULL,
  `ip_address` varchar(45) COLLATE utf8mb4_unicode_ci DEFAULT NULL,
  `user_agent` text COLLATE utf8mb4_unicode_ci,
  `payload` longtext COLLATE utf8mb4_unicode_ci NOT NULL,
  `last_activity` int NOT NULL
) ENGINE=InnoDB DEFAULT CHARSET=utf8mb4 COLLATE=utf8mb4_unicode_ci;

--
-- Dumping data for table `sessions`
--

INSERT INTO `sessions` (`id`, `user_id`, `ip_address`, `user_agent`, `payload`, `last_activity`) VALUES
('bHO2vrtw64xJLzcwKQIfLjRuvUZB8Vj7AGUIug45', 1, '127.0.0.1', 'Mozilla/5.0 (Windows NT 10.0; Win64; x64) AppleWebKit/537.36 (KHTML, like Gecko) Chrome/134.0.0.0 Safari/537.36', 'YTo0OntzOjY6Il90b2tlbiI7czo0MDoiZndUSE1MWFpWa0pEVExocWxvTThHTFcya1ZlamFvUG0xT1pYd2lncSI7czo2OiJfZmxhc2giO2E6Mjp7czozOiJvbGQiO2E6MDp7fXM6MzoibmV3IjthOjA6e319czo5OiJfcHJldmlvdXMiO2E6MTp7czozOiJ1cmwiO3M6Mzc6Imh0dHA6Ly8xMjcuMC4wLjE6ODAwMC9hZG1pbi9xdWl6emVzLzMiO31zOjUwOiJsb2dpbl93ZWJfNTliYTM2YWRkYzJiMmY5NDAxNTgwZjAxNGM3ZjU4ZWE0ZTMwOTg5ZCI7aToxO30=', 1744037915);

-- --------------------------------------------------------

--
-- Table structure for table `subjects`
--

CREATE TABLE `subjects` (
  `id` bigint UNSIGNED NOT NULL,
  `name` varchar(255) COLLATE utf8mb4_unicode_ci NOT NULL,
  `icon` longtext COLLATE utf8mb4_unicode_ci NOT NULL,
  `created_at` timestamp NULL DEFAULT NULL,
  `updated_at` timestamp NULL DEFAULT NULL
) ENGINE=InnoDB DEFAULT CHARSET=utf8mb4 COLLATE=utf8mb4_unicode_ci;

--
-- Dumping data for table `subjects`
--

INSERT INTO `subjects` (`id`, `name`, `icon`, `created_at`, `updated_at`) VALUES
(2, 'MATH', 'UklGRrKUAQBXRUJQVlA4IKaUAQAQVQOdASqEA4QDPmEskkckIiGhJfKbUIAMCWduUKXWv4fAs/f///QT/8oL/tcx7/7mIfU8TXn3xQP3n/96Xz/Z5BPwH/x9QH4z/QD1zMkD8p/8v377rP71/9f3/9wD/Z////4f//5dv3n/////+G3+Af/f065r5NShhs648cevf/LzVfxdyu9SuIIos1z/j6bfnE0t+/f/aYxnFv37+3/up/XvX65d3z+6/3j/X/2b95vQY0L89/Dv8j64ysPNx8Y/Pf+b/U/y7+af+j/4v+A9yX3o/3f4Af4x/Uv+5/Tf9V8bvQR5gf21/a/3cv8B+3XuN/s/+z/az/a/IB/Pv+J/9ewP/c///+4R/Nf9b/8PXd/d//zfKN/Zf+l+6P//96X///9f3AP//6gH//6yf2f++/5Lwyf03+08D/3/+b/3/+P9v/l7/88J/6P/n5o/539Efr/7J7y//b9kPEX+9/4/QC9v/7T2Cv++wr8b/5egF7qfc/Sh/y/9PoR/a//H2AP13/1/p1/6fAU+//+32Av6P/dv+p/nfeZ/6f/9/5PNZ/F/+n96Pge/t3/C/cD3AP9v////Z/+/jl+7v///+/wufvh//ysWHK3f+MtUIG0lJcv14cxR9RA2nH6NnK2mNjOthXZYB5V6Ez/w/5Ox67sA/khhARlkNVN2Ox2Ox2Ox2Ox2OZHGdHZ4baoHq8oYy1VlpvkC0Ybnt6OYj2W4eSu33KD7dgH2Civ9v25uolU5W/lcz3L+PIY2SYYfl93z13/Bu6OY4VIIE4UG4EmX8bOIy//hWn8Ow6/X6/X6/X6/X6/X6/X6/X6/X6+ywzYaZqLiGZwdOz1oUlnHDd2T3dS9yM265VVzO6LfZMw/xz36k2GtEZRVekuWrvxyR+wHki21VyQqjBo1pWuQlQUlf4xiOqDF2pC88CDVTdjsdjsdjsdjsdjsdjrMQlX3SCakWWFWiQt2qSw88tQandnUp1JMr2N9aT6pBU4hHi+00nt4Y95QzeiJ5tiV86cuN1Wvqb6QUP+DAytv0obl9A+jDdabCOXwBAa/AYdlyWfKTm4+7HY7HY7HY7HY7HY7HY6u8bj3yRdr5tytvMmtEmC5D3YLiPnsVn2pEHsaoMi52MHTOSkvNZnsOamjms1qOf+rS49XDzT9MZxZRBj/uizuHFbheEhI15znOc6F63sutZ0/H4/H4/H4/H4/HXxY466m4XxPoGIREWKSoVbG5xHD6R/OlgzZlG8mtqq8lU2yta+vkltbJo2Sdy5Py/lS558wAPImcOgd8JSsiXLSiHiF9o013YdFfoKB8Oe51/5H5V8tWqsTpgRGpBsH8UlfDRslPGAPIUQXl4xE6bs0iSNpGg7QPR0zFm3iYLBu2wTxVtisIUF4HLZgQaJmuLlFe/ui7/hcGAfO5BCoT4Bh8QKxzMKlMsTTrN+92N4GUF9m1/2lTuR5IbDpKy9SOFedzCmG4IjoA4AlZ8e0vJMD0fQfayNcpOgxKQEIPjteXzFVxwHwAiTbcDviVMLUatJQnkRykE0aVeSS/Ar2BsTUL935Mr7krkz0YXJnhhJ3NiZAgzecDmLKOKOG0RQBb6dGpG/jXVzhwgMX+YF4CGwWKC4bZqc/mkvV0HQEIFDqptgpl3WvLdHQW7BuYpZmZaDV7+5upfet3TrAIruFU9uPRMPKZgpP0m7cLfiRGAEdBwu3v1h0mmGE+2PwDdJaIIiMaseL/ojPqsMwfUSQxHpmQfk7tClzrcD9XFhwa0z30yLqbZU/GIm4jZZ+D7NyWdFSR/i3tGdpxVCve973ve973lhossFDfsrllIDNUPUND+Bvg1H34VpwMx9Ia5LcRpq1L43pZAAappVCC1cuJ2WLszvxgNatIAY02zNMtAhNi6IEw3kzpoc7vVdu1X8RGAh8vMYe5kqYW+F7Col7JgwmUdHOgO12+sWd3X8rc6P/0fNCKZTbJsO7erM3En18GH+noXyitDD2lJseLhnM2wGFD9cTA66bJj/nPfyDlxlz/1CvYNQO7tmHde/X2maOqdr+r01IvQKCtrrsN4fBXUX8nwCUPhmFLcqky326enzvYp5DBzeua83dlQlHdfuhPpNXlJH1j7Og2MBDrOQLVeSKClmnCXhz9ogQ1DjqO7mMyTvF3oaF7bhbEgTGsxuow2qIiPIyyBbLlzid3vIjFw0jULJh7crULazsU3GfkQhf28xpD8B1mjvUkr3ps5ZtVxQFEyGBgNbEofIIJ0IHlwYZHCTfv34YX0rg1D1Z+No7plKHhY/hLcMT5glPsuTAAWXlmQfyMKHQpS6NzgI6E/u3lAGdz5zPcR3HzQcDPO3wyMTbL2XI0xg+KdoVMgfmn5TvwmHz0zn6N6QBDXCLs9IilJnsijiwq5365/Edg3mzorZ3YmCMSKhjuaVmCMOu+/ttyN9QpYTI/w7BbfY/jpuwXMciIxuwUbCzODpUqUO6+fiSJzi8hjdnoYLqneqoMA4IpTCa+gwdw6EAgS9DbsYRCsSYWBapK1HqQR00gfEbVlilVCeGhm0h9DCPPOQBMAXXPjT7EdU3QrX6kcLD9XmVogTxMNCJVst6JXxOg5gHiNLDpIKh6MZi31H46jveuLVwyWt41LLKwjWOEnLTqs6Qb3vWk3xZcr0Ys4p21/s1ZD+l0ocTbnwdCtfMC1pgbTJxESstbBXhtzTClyfJQHrWSQxeiIBNp5rUBi4svozV6M7BMcVz+pShUqgId5dogmgvWHata51i/6D2yvmyhettUBT8AVgxM/MFYolNShZSRYFkeWucIfH/u+lbsIOzvyQ1AtzaNPz4oeJZvfQroHR7mfnYx6J08e14nBY3QX99tfaSivZK6Akxz27vs3IiP4SmwsoBvJHucav9dJ8eqZtGOwfPJr/T1isprRAWvQEBHcgs48FmIb8jfmbMlYy5WKEw+ug+Byx0UfK+Fi6DiQulYnkqjEByOAXgEkTQhzUTgemvHvGqT/uFmhsK8ObrE/TIC0f3fQf2T4t6RSveRjwKJLHmXFxen0nPAIp9U4x6Mis4fz+f0ADNlOAt2KmYp5lMcy2I1FGmFxRjFvZxvM/WJ+ROHcFCYBEbgmVj/PRQ/QB29mx+1/mtJtMZiKk0Ynw2k/nxwY0abpXKGrOSld5hI6k+JO6eMt6aiVsZX4Pp91WKNAMWAqrs7B0QNV6apVwsD+wAOZYt+u7Akj+ooNBoNBoMj2yIW0AnBHjS/ZuDnqo+/x6lRnystrrZWy4BhBOJ3NATDLBfVzo+EoLZ3OYWxdZf/DJLqMf4jIptB/006n3sf7xjANuWFg90spXiX196FPKezquuDX6pmX9FzhJduY/4OVjrabTLRQ8Lhwt8fZ5/nX/8d3XSJ0ixU6Bw45ksorE3QgY5j+F+SKtyV0P/Exrs5VcGLtFnmsgIsbBJzldYcBPWNou7idptNxoKo+nyCFowIPQvQndT7xKeS6WWdlwjhhjYsvLM0Es6Xww3Zzt8WXzvz5PX4gsQgziulW1aTKy/niFV/AX9296ngOIfr14Lzqzuv/LhBDpvc+Ehqffr9dT+kVMDQJCa6Vx7xxaCj33cMPLdTPHRQWThOxyefui2QwYoM4TaLN5NYGepXVdt8AdUM15KUq1FEXBAIdlzJuyeb5bonY3+XyZNp30jXXyeHqTlJTI/XQrdnfz9POZcsBTjkKBgMusiMcuUI/ai3XNEC2U5V3YcPQ1CyMk6AdAPhw7dvbeCrG34ydvZkAqkxjrC8YtE9RJg0mwG6XoMylFlQW1urmvVM8dFBWnyQ/2KzgI+uBPSC0MpPIMbcFFwFAtuYIp2uNt+OF/kO50jYRxmGmOe3YVKfCgpx+QiFWtFUFeSg7+wUwt+bvws52/5RCCyCLNztcg3ffLpPmewUu0bul+MpWjK3GBZDMjla6BEP9g2V7y8uWoPP/xRp4VgmivuII9aqmuntT3kS8ODkaug3kENgAaMntZl6JIuCH34BmFtpNlvSUCsF1K4TyxFNxPxJ5AxTDbG4iaVRz5Y5KAGC1Pm059S4daeiy7YzTLwQj+yfPw4SNST5T19JSeT1Lj+pa1jUKG7UDO/5VCbizdBD7IDcytf51hCuKwjXC/sdkEQMs/vGOMWVpdtbEF6JjP1Rz3fqS3oZVOxUke7l1LfG658eHoi297KAyH0R+iePHNCkJzihStu12gcgBc6NGRZaJ9g4RQQTLhHvXOCcbmYIoqxtlE9SxGEPiJuRP1FpiqRBy2W8SqNW+wYnXXLsk5XR0dX64RwmWSdTr5ZeHLiSf32x7NbpNQEvpa0ZnK9PATVAxS9BLR65EjsyOMiEndzHqiW4/csbQN3epBJHY3QjAtX86E+/jOK9hlmmFncRH3TZKk0HJa7v/DM6rnkgAKAuYArVbtlEWSudE5nhgIscMkvoqGKiYeaexhSKkJbgyvUsFQhTPQOZbXYq6mOAtlXNBGs08FAU9YL9Pp7kW6c77tC1O6iC22q8R2SpnVf4UBWwLvF1EzIZDgRRhaBs5qpYwv/Qmxm9gr3079cwH17H9TevuQvjsF7rOdK2dyoWYsk/6nYeIdgC4y9TZZKAujsDgNPutE+SQeYzXbq8OR6QGwCrrW1Gleg4wnyJ62rUfRuwskjMCiaCva24+9oK27pJMa4DbAma/ecZ4KbOeCPqeLbNiAugEM03V0d7qOMlkNKLbI7Qnp/wk1ImpeGa7k7YjdFeQfR7rGdGv9yQ9KfhVTQtEorwpvbpkMP3M879FdnLlK5ZS1skmpvQDhiqXFvlcX6/o417ZrRcdjOw95WRzW4J63JrUoc7cMawZo+pXRQHMIfc4czVlmp6YLDLaakqA4YPqKLU0jYp9R/WMjB5CHSMloK4oL6aLJ5EEak/I/Go9+vWFJMvl8s/p55fxfj8aPUSmgTVTdjmy6/WFFKCgeCNGK2JaH3BO/TnGTdqRA13acwrHlgS2T9TDdzl9LfkpOZVSWe/x5zrRo+jRTlguU9QeH/gWPoHtcgKHSn7OxVUJzOXKaiMIJ0D+ShjcCArn0A6XHmjR1IirGUDpOw1T7FOqxZ8cUxWFgOgYJZEr4ZzsLwcuEwBvh+rbG6JqYl5LUUtIuz0A/XoYe64sYzjZxMW+YD7RFzNwdqtqezQUnq6+Dsgltf9pLuxYr4ve8qmgcx7D5tr6sDrITvyj32i7ahs/6wVM90UhyzcyewiGs3UBnHlGlsDwzlwmrRIxyl9KaDx3ZVDYWIhiGzPwbYciUpN9ah4Cr8O/KRS6e2lHi4Gj4LhRh9F6Vo1EINTggRww+xrsny9VkGy1TxeAPN8h5tHfLBalyYvUHKiZBx60OcmfWM/tuI2wQCofpxlKSaUEoemGZ0K6PbgYfeC2LKQAatuvq+X0UvkTAtSrtPgnOcREphqpFgAiMV1uOreftbW/gGMmpbySIt0Q1g/MwgVlepsve91V9Dwv8UhB6zSsQ5KUpSke7v3cD/CQQpeog8xIqDeZz7J3vyw+0GqTjGMYAi0VLTVr3ttRzeZ+GpOkLawY8dwbzFuTEWta1rWtaepTxlYRvaiQUiCIhftQhi5H+s79qWWpznOc5vPvxY2tEhAQhCEHl6RWnn15zhorCHt7zYRY0JBaKIAymWBSC7xVlmtDXrLDLKOI8gGQ2z0ZIy8Xz5OKJrKXQDcxfx52R78F5DfdGEmjHryFwpEQVOapDiDEdiNk7JWqRoeyfFvh5uVNaPFu974NuF+lpV+idy2vnv3P6InnQbfBVnTm7vbquqMfPk4+GpmB4+46vi6+HibfHjSRsoKtdl3ZlivYxcAZEeS0Rvz6kPFBlESWNO6Ov33B54KaTTkNPRBN2lqi8A2vjPjGMNjIzID4+Lo/HRDxKV/F+cU4KOd73SktAQhB96lJyUpNn9/Ez5Im+LkfcUr91VoKa3AX8RPmVodbX5maXQDtwH51uv4fArbuUklCb/SH/zunrapZXlkuIZcKd3fhsKoXRT2211/cEjADsMvNsyLdImQj4TQOsYnk09Wyr9uhu8SbJ3h6zaDSC7dhDmLyR1uN73vEFzxUEfPkUf+5cKiADWVteFI0xkpNaaIbtcRYXMrdTPHh1+dl+Cyd5mPx+Nhf/oZ6xp3BUtEXiTa5MmG4b3aqmBwNutmmjBNVN2Ox2OFGQBKCrsObSP1Vm/pe81XXehuvcy7rg5DXG+Y2pyLIItXzNH7/yrKfjuD4veEbyTaQkESZe5uwAYZT6npp9dIFViQ3057xkbrRo9lNGRux2Ox2Ox2NIKjZpp91+vyeTlKg9NkfgVxwf3XTC9SwRwFkEPYOTMVGskeki+YWcYkeD4kLlHnSuDp/x/mMpDTTbIxfXP7NEZH1rduQ8NFaqYwkEGqP31SUj9eLUkUVMdnDOirszQCqBKPOKupH4HSJVlUFA9LzW7Mvbn+oPB84BDfkxJrsrQvnGVJNwJsfVEb7Ju+7Q2eNcRHitzuAsMCyu0xwovTyk/7RgYnGhZYlGWmD4AE5h4QzbWtDSyEFL859Arvj1+CQFokAX9meUsIfnaPMYPtbjJlpaHg/sz/ywXw/lwFIf9SPW5K813BJgzZ3NgyNFEIx2yhCwlZw55VZom79KWHss0O3HJlJ92ivkbrv/PbpuTCge/si38wqnmC9WUo8XbUaKIK3GBjQxpJnGNt8r3ySKHxov5hbZfwKpQc/yP0139BpQaDQaDQZ9/a9eG+X570EqeBmrUQRXqFTBV+YtYEhmpFcJocQow/Ss9Tig2LrIMfzmuqcpoO/lPU2U4P1LPJjavovwdg08DVuFsKenLG+0fSAv+MsWymlA7JXCHKRWHib9jrnFnzRKF2rQINVN2Ox2JIjxUXrcyADtts/ngpdrX5a687WCZASZevJ2G/8evUrxibref81+VLAm5u5v5RbOepfIPrn8QfHqnlYvsHLDekS607iXMLrbbzc5ZpILbwVTO6uIoc5lUjntXILicJ8rL5jmGMFtVamMuj6NuSg3ftUx+3/GYcVYDz7RjDB8Mzhjbbjmvf72DQdehs8Uyh6Q0OXZNOQpCHscHL5lcuOTqKzJo2ZV1Z3qrHgGQlW/ewttlIDP1TWxzln/9Nac9G4lEp7hI6AmR6zOtJw4a4yB7d3NOV9+q0xrnwDBVsaFgRIC/DUT2B2Wepv6qBnC2oApyWfykqIGL7zpUxLGLABFIgLhWuYN+ITYpyYBXRUC0ZBDMarFJd2jTyOw7u5n2iDA/UNz/PEKtMitQ3uvvUlvllZ4yR0fU8+Z32oTHQEuyEX4f6Z14pp1K2AIJY1VkKImihZysG+prlTXR7HopR6StLPdZ79Pr+wNDFFsHwGqYNRk4E7Zw1gEwUJEGwnJmaScCNmcofB3tmDwNxJpAHFWW2K1eoPBYKyfFGaf8ZrJmzx2FvjZIKjTtGEBsnwQb3CqtTbf3ybD/Jbdakwnap7c+qDr9vEFu2TLoELxfSDZACaUgOArxSO2wVCOGSJexI8REteEpa6D1AFcNmpYmwvaqwVC87DwDONIx2y4mLCUTdhb6rzHLXz74O3x09neGzJBgAC4h1O4woWqn2GaRdjLtjhhgNbROA8/QwXk9U5VvmEo07i6QlX23B/GphJ3G2TBRdHnS7R7D37lXQ+h5q9LLq0lXL6nP/polHzgtS+gzMKcygPu78FT5HMm+Sl5OrUgtoZRhMQDF3n7Ca0Mkuf5kDUeAbTwKxQt0qEDfhidozJv4yeTO70ri3g/M6Mn6IiC9J9hOrPqA+wnSHdQBMwx/amiE9magohcVhjZxDpYf+KzmkCUkUqxvvYhT5BL3CVWy7quO+UdOdAEIMFERF8JWm9LJrQv9cTVTdjsdjsSUBFp0KXCCoGEfArVkg/3+ApUvDpymfWLG4Or8A8b9mP/UbFqY+1P9jA1SQHrIaa6dt4z2nNNQUT33w9YtmFN7w597xfJw6j9lXIiK0tms0gSznYDaK+2gNbkKKqaovmJYs9bHH2Gtay2bkuguoX+xtZ556kjAIOG0xvroaiTbkee1Rnyvay1g2+TEL+lbMUfSGMmhGDmtjKX1hQvSd0vBGeG8+KYkBTLNgUtPpaFKfEaoua+xkf+OqahxRGF+TGNOkAd1DRAYOlDtII2Kc9w51xgJG7snyb85TCD/R94U8vZAyhEdNssQ/1dZUWLV00b2y5wm7EgLdo49f4h708bLPgQfKvyMd5JENZqKy20DTFvmAvL4YD9qQOVPLdPApdFwdKX8EDag/qo31I1Ckvl8vL72hsNpNxaEp4iKx5Al00+6/X6/X53m7/2fBl5El25BNppciidwdOZ02dobqaXtxgsKv6DaCHk/IIZANBoNBk1REdfnt8sg4s5HqKDQaDQaDQaDQaBSJMvl8r+2aTTNjfkDS7DVbKFUjKnyZfL5fL5R7lw/3+mFUNVN2Ox2Ox2Ox2Ox2Ox2Ox2Ox2OiBNwp2CLMYMysSJle23sFCRxm+4SlA2Gw2Gw2Gw2Gw2Gw2Gw2Gw2Gw2Gw2Gw2Gw2GvUSavFTYY+wSebNOPI/Rqg8D/eLtJqd4Y1mD79+qm7HY7HY7HY7HY7HY7HY7HY7HY7HY7HY7HYlC7Nta3Wsy0vncT5zUbxAAJtkIOyrX2bkma1n5LaoVWVMGaafdfr9fr9fr9fr9fr9fr9fr9fr9fr9OM1hgX+BXbNaV8F8sD8yoA08MHK7RDKlbVqLnucIOT5nmdKfZj8fj8fj8fj8fj8fj8fj8fj8fj8fj8fj8TiIWCW5gRXl0u1OETnUo0J91zz2ID52GJ0fKDpSG3JnJTTTsxgFZzvFDtyfWyIvKWUky+Xy+Xy+Xy+Xy+Xy+Xy+Xy+Xy+Xtd9//3Q3h/kCGRTAPm2bbl8F4qUw+5trQEdnL2mbclmItRgoGC0yKrV0k2pTGUGSfai60tCjtoc+S1OyeXJyQPHZU0ihI2aafdfr9fr9fr9fr9fr9fr69kj3ReKdkzNLu+zN7/uynrCIeVGRGoHhOtdHawZ3prLnMejpLLaE/gsTSQA/KcOTEfQXenXgUbgn4oPzVZuQ5Tadjdd4M0H2HNtda6CO7oZMvl8vl8vl8vl8vfK91VUl7XE0Ub700ko8Uny7VLq3ZGa4dB/TFu1okqbTH3qH+WAAD++tlK4x8s8Ik+OJ/taDTtvSZD9ot4x8nkfc3Zmw/7BqawRp4tgKdmjrPo5kJVej9X28beY6n3wYivb5zP+geNPn/b+sb3g09ep0yO5gn+5/NiBxHcSg+uFtaW4LC/RoTKm/twOeN052rOhuKizuTcEAAsC/mps2NpKkHJtar2vKZ1vd9pprMoDGz8FFWPuBXhPwrB9vLy2fRpRbWO5zejP2CZHVVMLRn/7shjA1tZTqQBsjWRxzEjOVyG/mW6l4waXMlkXKKakWLjvQE8NWyim3K5SrzRTzLqw6s5bc6GmYQIAxj7zoxXcLxy33StTbbnqqPJmOtDr0iX1JPEPd153Sn1rjd7pXVHeYgEHg3tXdvxPTkSFFIYJ0PMoQIoquItP9dgT9xB25lPYWbRRfiQMxAHiFJgUIE4hEbU5lIysNIzelsp9gaMHz8dtBBC5GQIDxlG3FdivFXNMuaDWTEXtSc0zn9HTw/6LEJ/p62v9aoTYBcbxHwmJdNas0skR0uTpJ/84bsHlrEGYPYEigmtqdVW4uL5H+cAAAAC0h0vEBELMFBCmw8C+455vfCTEdLktdGCVAAiR2kAk9lpkMkLtXYB8mzP1wl3RArFqFqTQynctKdLAWX9hQ6+uy6NoILtVXoydrjbP0pVLvmmOGpOITu0+Q/55P++/Tg+EHQgG4M0RaxCMIZNOu1yW94hafECDsev57gqUcDC6oOaOZQVDl8h+pczC/5wlSUMGrqeW0RNlXMB/BVN1xxD9DtW7u/ZYhqn5Gn7t9lp3MnlCWvh8Ef8oBe7pmWmJlpl41Qp5UISjmUrmEV/0rD/6745ECH9Yjn7ZRsbThnFjWJhIAQaFMRp8w+7t8R0eDiKh4FBaODOMraoW8LM7j8ZH3OHqERQK40BJTh+G2+dFUQlRl9gOFo5m53039tkN/VEagSZjUWb7cQseXcK4x8yVLr+dJVNA8a1jPtSF8fb2OQJlKyXVMIxFrZPKyLHEdxKD64W1pjCyVYkTiyZitbEKxmSpjRmGOt8H0fWvxfcNzIoSqtjwL6iRpX7IzG+ykXwOO9j69ftc6B3Yb0s+87yf7Q/JOxz13sCQAwz/ZfaLotToIMdxuGuE3Ra/Zbsad9SPvpc92Yk0mzn10ALYEt8VHkXFoO8HcvOv/N7z8CLUqAKpmj7d4GiSet8Yv6qDNn5jkxd21Mjtl+d7efMu7ZI6hX5zyls/UL6sstPHe7aZTL2Iw1wzPdB7Gu9mhtSMZfH3uWmmWL7Jg83pdjPmHrD6IHYsi3mYKAzxvBcfu4OSN1TsWQqYkYSJa13NYu9sBS3Z7NvRsyynGZraLPwxjbIkfsmSDOWAvIf55TH+xOp2z6hrMhsbuNJ/pYF06VJd+6iRl6cDBs4FfOIAs5iSipV5wZrhHu8IxlhcDi1MSImAKBRFqRO+QIKwijoCiuEGrQ1u13Ry/6AAAAAABztjEX39HmApdBR/871a0EEYMDSgEoqLdAMGEKnefdp3DjJTgLRq6aWDgvAQcY5dNBvUCcPc6YYmoZSXuBR4aeKAyNbUm7LkSn9jRxJTcjS1j/S17nq6ZE8qAyHgFFHd/GxJI2eMIjrxNIomxyZkMeEWlVhbfznpEY/R3GhRWZpRxRxYmnIrFsvt+X61oURmnL0p7KJ9xbt28hcg8+H2csYdWvr5T/7ADS18hUWg/lmYNcZhdtsCjrQZ0drq4jdrtPak2+IewizMqzGeYonObvpu9t+kqgTjbvqSARlwm6LX7QoYQ5u65NCZ1JWN5sbMAKTtD8k7HL44hYE9/ZfaLE/sdbAp7PXyVlQHaQgNTmXslhrPXU9fB1YCuhaZW8BlT0oDjYBZR6ZLjS0kbX0be2kB8pQDSalfdZaCdM/OkLl1711LRTa16zbEZG0YG9rBcCJIvo1eMqGru8ofYjD01cgt8hoXdFwE7h/dczCkMBS8Otz9KXtEkprWx4zmlfBWOpv3m4mradUJZqQxgBoNXLANsLXgrHjxVEs1v4wNNQ+fMvcJApvm4pkoFlxIylWuaxTblc1oRVd5vosDopqTFGytjaCE0SUR4CimlV8joKBPpSDiFXQaR5UGiGfzrBdEDMm62fkejSNrAi5mzNfobiWlH7nnZmwD0hrXyeXJXrjykmkUwt8cQePfpiSpChN01chkV9v8u1Dg1S4itmIVtNMxqW6ngaLENh1NntNNxeXHGZTMacy0d7n6YRiIEgWX4XBrT88xSI3urm5GR8LIN9v5pkONrRCvVnT468cziAuj+Y6+4XvfdDBzTRCtKY59qnaFznKWdRTVq+88hYSAVERbNGxTTQTF3a7oJENEwub8N929nyHwWF4AAAAAAABPxFRB2/fxRCItIVbOCTGARQ9ezkAk65sg4fjCTuiiWAE3cVgeFasqzsS+rTitIhBwdUw3M3ouFIOjrDkKwrmPeCrOUL4bGUbQIwjVqW6QIiJjYU1RUVXecuE6G7nx4HjN+DpA/CHHpwr3eYHwyxAddmvbelRQB7szNag/Nfhme6zSPFIi+deJN7WXUov6icWEBUZVt7UsEoD1oRhB0/CtQjDn4sXnYVeQhuBPcd7nHz8Q3SetVviyTFujvJ1C0nNo/7CtVQktNP/Z48u/JptMaLOYXT05yamAhCbjie8EYj6ayZTwAyvB0hFoJkGv0Fb4pZzjV/q9WgBEuH/wqep0OZzef2vB5l3a2QRQW9C0H09KXKk4/++ne6eHYZDrWl2tX1h/XvhyJlnqOOndgBu7Jt5UFIqKPhhzUix4CD6kvGmtXElUv7D5ZYGMAlawKO5oDKIm7QO3Xls6wIf2Y58HwbFxlgfILljhEuJKA3Xj9JE4jrUDovd79MqBMp0KqUqHjHXC3U9A3DpsfL8x9GdTNE/CtTXgoI/NWt9tEKaobbJJq38hCrFs1En4Nhrg+OhMWd+2TUsXvnNuorQiiEVb31tD89lpsDmxqo12I3TpmnOnI7T5vQJ8hiGBy0r0HDgfMaOimeYUWBqFnNcdICmxtn2U8EtYl92cCa8UW/hdOshNAYz3cJn2Ca/Vn53nFeunKhW28hVOmptEQqYETvGNSqkjfMDQfRmQgnfQl77WHyMiUDrs6jzU/2YCB/vSog2gI99aLlGdux0+E1w+dGf9KyJk1gdw6DtKnnICtDjwx5TiplRwim/w/wOJzqlmEXUj3SPz1moNm57Vn0aR1V9DHQaFCORZRoUOL7YLPTdFoix0mVp4AWEB9lqfpvOix3iChMQMXqqIcehOH+l8MciA67qUHVrwrO9ffGqr3+eJ1bGe/Effc0+Bf1BBmnMkRsVvdEHbqkcVhThuI+/4AlGzsvgHCGo+QPBB9dMvJiVbvxg3EoP73AI3NG6laUP1qNRV2UWxT6WlAkjBA8Bt7Ooxqp8KkoxyVp1Hqo73BqL6JHjb+4hmiQrS4g8X7mRVwrfWXry3d3WgsT5FsUyA8IhtYvv5+BDut/J1ueW6wCUIXtsR9GgHKO/WYul5OCMsdJtIqktmdN11CAg2ZqOpYrot+hKx7h8JCUHucoaHKEIDcLtcweOi8ebWF1vrOWrEBfbZRHdUhbvpA7LBGFn/MIJ+v2+S5auNpXL0CmAAAAAAADkR3lhQuNRBPfgEBgU9AqAGEaVZyS0DzaPJmXx8CV6WXEIuKFg2ynQ+9cBgqFL1MROyFZ+niGYjFTyUyVTjgpSV8kmcZTAzTm6MW+PtUeOg8RUgtxNQeG1qc6T8CkhU9Uv08uAIxNPcp93imKFnhQmhqLmg//kL2sBlDTo8Fg/ZZihAMTYcjF3wyvZG2uVAwObCwoNDij9aSYbd+YeuTtTSCjwNJOu76wmd6zBPAYALOYYm45V+3b4P8XRlZY0GosfP4sRwi8wJwYuk0j6SaakHvldbz054euOglBhM9TmB3v94puIqKkCRvuZjaNozKJfOvr+tgicxuOkVTc1hFpySFmNYCqxhTuEbewp/8kN0mFXvRcYPg+GssehOGx0UD/UIfE58DP1mLrpH1OcWku8jDH+2jW5idCMKnSVfk/DSE+DxCxpApfNcuhJ0mK7m3J07gaaZab83vtxZ28Cvc7lCIjm9amnYaGw/3b3O27HyrOJNkKUBqM2KxNp9VM6VjaFvrqc1hnOtiASuJdwcEjXqOi7yAbKAj7fvVeJciSbUwbQMkKB/ucudrjSNZ3htB4ZB5vmc4XYy5cycg1HbluEszJnuhq3OwsLOIs+fefj78cM7hZ22dYsJsQiDQsPjlPFtpQfieEKsOzoCl2rjbBY7Y6kHxHbpS+RiYNwQf0WZRdD85XCGwfln6/H57MEryadqXYFTpotIQ7iTYhKDDZicKxUW/xMA9n4pyFhE5IPNjd8QQa9THKTfjXFGFktx1dpNgcZWcAfusffMhFe82vm9cS1jyIwphl0f5NkwIy7QZP4UbJGzSu8mNe1iF/7aKpKpHiyov+lNyQbh5QnB+pKWCaQPetRmahRGhzOaV4TXgGxFy8/5kEKnyOHtylQ5UeP9qmYRTsqOHNt0oJaTX7/F91116BlOpdcI1/ueUlRU1O+DBH9AZi4IuUv7TOIKuhtiW2p4hZcwcKpgPiLcaQQsaitWj5wEWTlAXXqZtqKj8sB8LGkB+etVcuoMihqvVgd28dsWtdV93n9Q1UVh1LWzc5ZATLEI4qOZaogeHHDifl9luOma/ZGZQN+Ppdlld6AtdHyfhq/MWQ/dsn3EnOxCd/Rsu6I17vUoo1S/Jvhzawz3jK3H/gWvuIYIfnnECK71mBf31LIJUohZcph5zMI+87gXiWY1AQeV+rjgxu+N1bdipRYK7JgT/J9Osz8NsrnXoS6jgIfuITbr1XgnQJ7Wa0NUjnfUU4pYDHM6hVAQl1Ttb6Idsg5qSD3HAGDMyKDQ7gyl3Yz28fTV0Ngbpdaw3QKrdx6uMKFJkxxgDzMeO/bBslcpLT63C7llrEtTOwHWCV7ct5speNkBWX2qEnaj36Wc85VpI3/PtZLwQSBMRdyhOKXOIXRg7xTPCTTtLJBn3amM2sRKOG5Px8+zyIXnrtu3GmC9XmNCZc+3dMKCIomYAeHdeILB2mDtyoPq0f0a96/wvVX1JqSszuulgXFa9XG3Z/oDJteQina8XmeJrI9QOo6P1vTkQq83kZJQhWJNQx6q16vGL7pvxZVPMay+h+7G11hBcYwhBeU6XrRp5gZc6GsL4R/DoES9SMD1O3/+P+w4y3QxOmfgTFZPi58xjJpCGdLNBVyCjPu0gFISE5lCqdgRDhBVmPqhd8yhkwahaUkAfV0uTYyZ3W50C4t0RK7BSh4sLyg2pEu0ONDGi/JiiLSVcG/6hPUVThIHqVs+8gkwTwAAAmz6QoN2tlPgFmz6vW1BCxOup6l+29TEnhBAFhxY52/wMpLDj2pZ4yAhhzDMLvPRjJKXggORkm5BG0Fsi5IT/bG/AzTYV/eP5IZnHAdSvYV9Kx3uK28X7scFgyiobDVD+r0V5//Y6Cs4VyN7sZmwFnMmNPS97q/9pYpn+ySSMg0jl/CLyMfi2spICEoz1y8TRXrRz0nMmEmea4CjiCQGJRPuCk2r/ObPtAlOBPKfe5nQxO5Vajj+sbLbFzrcurNvv95dtb1Vot+KqkiLcpk5zyy0ZSdZXmbP3weyKMlhyIEaRO81IpyCAKNdHGNT9QcQD/cpN/ScESk0i7+Dv+urBKpWcY8qE7iSer8BT44SKqmyBj1bgc6WMx/SwJLfq4n6WRTHUx3icpSvzNsW3UwPLAYaak7FQIz+Z5Th/F4v1G+M3dgm+SBaSwc597n2P2keZ6NDHEDiiYUAlyFtVmNSlLF89h3tLAvOlUW5NGtLdHv3200qDeOyiUMmXsuDcVxFL/cbJOlevHj6Oy/ATRNbL6dGZ2hgbNUsxLFRllGWH/CkscRii8bT6XjLmWJoBpcqhlIcGRQB08xd6yXPW/8a3MelOzFu1NBAGIq8pACagE1qOWzF7IXGjfZ88yNQ4VwIDGPHuMxiASf/3yJXsjOKreEDbgPDuL8lbU+LKcEG/Ipv+4+K0wYzjYAELZwDOsX2IfwriOveNp0H4yEO16RveZpXiV9hGTpr0wd83O3lkQZckajp/CYs7Gu22CR71TL+xsFvXPxlz2cHWI/6km9hB/ie9uscL16ZGvHw4huoRBW/kifCIEg0UpHvYki3nyrHVfV/Eam5LWcokUwRvvekiX3mPbG2smxTG1twcyOi+5UPqoj6xEsyYedq4X6e4DnxDVa+0wkp8Xr6wKrGsxOKfggM56ImzcsvVfHFMY67OO4GFkbMGOHIJXVuSMoQASA0VaL1iNvBtHqmqhdTRzdrBPQw3TguvzRPTbgSmXgAMgg5zXCWDsUa11YjUeT98tyJGnh4Yjd0Ir/EQZurbHhKWb2LNDvO8n+0PyTsc7OGzBuvEN01xrVvLGJhF3KXQfCoUkOAVno3CHqs1+NrSsA+NXlrgKSvbuAGNGxBNILxJtjCbN8dE8PpC/TyxPmZwhegyQMgUW/1jrpYPuSLtUfw2VSqLnScj5ADHxkXzTnPK7LRFlrdLgJcm55WWimQ+Xi30+PxwuFwmdkKN1uKbVkf2OgPORXWdpMiea6NRp55OaVQ2l6jRi3+u9NuJyA3q+lM3g9aX3nEGbQ5ulOlybZM0CgCjl3gOi0hsO41b9fn9C/b9MkD1yOhr2NqnbIwPUuClESl2fhq0uxV/yu6bgekdgjoMPCvkjb/J/v72B1I+o+/bNJhMSm9EWMMOYlUPkOISiGZPW1LGtZnf4n8FIPMLqrIrHlnEMrKex3NUoRC9sIKXhUJOJnTaYApk0V85ma4ZS/uohHY8KikkgWOXjYxJBCykX/H68B5dbeuUw/Q8pSpbRkO09Hgwka+phAQOopKXZ1qR6LKUmdM5+MVJeLOhKgihByvINz1MLdLOPiu757GQZ/32dsMoKr8DmUV3INuOAYToW4EoVntalVPRVRClBML/gaK5CStDbHCF67pkK1uCtOGe+YvSGB2weoL9bLdtxf96WKuBWOEpsMLSHs3UBqyM5LHSnUNd8NOVmsQoAOa+OqXtyYWacRe3vCI9qv6VTLGnyh5Avx+4zPrdl7Q46fcym4Gs3BvE1pqVuL4TyeXil98274vLx+qwLYwAExpkqOEgqXTqHmdM37/GK/+i3b3Urf/LYTQypg33+F1rJpLyq/AR1XH851qMi6vNsXabcS2iijaguL17Wrx560rrqjIfAPz1ud1XTexbLQfi3KI5kXD2r8G5Rr/jVReZgVy6Na4FfLrS3N+7rswOdoOU+SytH12CuaSnuC22lAHmjZzj+Mzk9bmQPrTEPTfwzwwVcdACeGSvIBN5//vX4Wf5yboSN+5240E1wbW3IhfQh1RShiYDFBbf+U9fVTJ7vtR+mRie44MfMqN+auRN7f9d0hQ7CfDlBQUjRHwNpCqFhLZ7M6RxQUDy4EoBEB3QEJyuDDBULbchnlYK4bzIKgIh1pzwvks/z18Cty0tbPY6xnHGaBh7yVd2P+CgFe4/gQ9EOV94mZvaZw+SRA8EuPWLM3f3eIGIPryVwWG44C++1Hmuffeg+x7Bu1G2rzD/kCRGQL04Is0unZKKk40XB+Azff1kSRa4xFvy30q9ZxPHgKcMCxMI/eh8itFMSx3wGSpwiaO3l5FwLgJy231ifTZZZBaG7PxgRxKA6iCWWw3vGEfzMp43Whoxpgb/DqLytpU/ugK69U2nXBsPKmatWECCzVBUKRGjlwNNtQEAr64BmV970+xpFxC3Lr+wLvKqMCiMLe8VSX/SCVQ4DjXdh7ESGlmXDJF/MBEbF0lYE3LyMPcGoOA2QDQDVc4ig40bw9bMDhOsEgqA6DFlfXuhgQq4oHn/OAPu1Q8NMYBcM6XcSd5B0k5fpBNik4kd5ughbvzyP1i3o4PZKI1+AjgMHIhPBiLBaVbBiBClm0x6F4yycK/hd7Mv35/v7VN1ZiAeCvh5oCKCrIRxBqGOfgcSfE79QMlhg90jcDmKAbLfkAgLWh8rbkPKtD9b/QjVM/HKI+HxGQozQeDY0MO+wcgpks+Vl4r+4i3oC3HosKDDY+Z8vvpZ7H1eFNwDtz++EpCozF04bhatvzOqzc56BUvMZpkx00mKd6gPPr5DMU3BG67EUEsO+ZAwoFWALqGDCeOA5HmoGJbwDo44BZXH/VUedXtch8IJCXy1LQbS7lZuULxta9e6Yytyhgfjs9nJH6jEhdI4WYoXEKzSFVL60da4ykYtLflABz/45VDamBn0jYNlCPtgGpt5fOodQ5n42BhN4kE9kyvMBoikeJ7/xTcZvWXmQDP6iZKgcWdn1jn0PaEZzIxGw/lW5/+Ht9XsLpBw0bKsfxwUGqrxmLlvmBUZrOpCLDzANwpecWcCW09hiFpSUg2w3x7RiR6gKYkG9X4HObA2xY1fxVvn82wzkcJqOyu+WgBnKKlcpv4FDXUlPZkbad8OQa1k/YGHylEFCLI/cxxGGHm9EXZwFDH2H1HSIUC2A/HFbll5/wkWNZidEw+PgixrHEEaVQKvxCO9wh1g8aqiysQbYRKCsceCHwH1EDzcM4lIuBOuBaPNV6E9PE81s7dZ6NdxldA4mVuNf+GPOzUwtUM5Xu8NyXboR3yHDYb3mX5WGBEzA0L42eiODzwO4FFPQMYFyqjQNnGB1bUtTd21z+8LORR9IDciwy2Yx2lMBXjAxXmjStkZFSFhmWEqJobaXN/lNREkS/fWvg7VqzdbcgCqmydTeW2itZgN1bYRBV5B5NQa95zA9rIU3B/Ve610pceN+MiWtScB3easYLhwwmh5z66fUyfPYBi49wh05QfwiaatO6aQbvX3C7CaxKosL3gVobRSluyV2/IyiVkQ1swH4FI1rTYSJkvS2oh0CIeSS5gNtx/y32hgoWEUJg29ty14n/PO9D3iDmp/5aV0aNWHHIlP9abnD/wgfNPU0BS0i0zSWUgwvo6UP/s2B5xt5Y7o0FEz6wgZGKrYmjYGxF2sjc8kq+BrG46dYyNUV1hyf7iCgOMOk1+6HjXD2fS5Zql9OZpNnaAbBjFP2d6AEA9NdXejBEV+HoCu++3qzmpVGwKcdbFJLPEeeWvpsZpgW0h3dbekzRVmt7v+CLhMr8qA5ZwRcXMpmDaDaDaAA3eWzX5up6+DqwFdC0qN+z1rrMvn9bxDH56knCu8zFLbytvVZnmCxuGzQd4GYbgY5nHZaR6/WmYLTJ1eSDBjBu3yRmhsHrj4IEAGImno9Wg54SyDEPQ1hPLpPeIADOPsIBRr3ITHFyY8T5/UsPAC4xdKI7cOjQB5CrQQBqOlkWZTmqCivrFcsb+dAYDYvCSoMYb4rqlliTL61pNXqnZcbjmhPnsDbEvdmOxmba3u3LlLW1ML+qdbV+BsEiHvTKT+sI82Qpa6szJsaAq6akSfWefKjy541fCx3BgaO9vSZ8TStgXRLxvDEDoCYw29Z1gMABqGvgzFq3kYQjnGflH8uw3JctYgAGxPzpmPf/6OWheja4Qb2WM784kC3XcX7tWh9Ko6zZCE7iIUqMhqAGzaC6vDjBSqR6DCJUM0ISJDJCrDASZUNMr4l0knGT9fM/oOeUJlhmhBm0y3EVzw3k4olhbRMy7g2Oof4J/YjFpVPqxVdKT3Py16nOz8u80yV+v3es0/d3atxmLu70SQd3IyYCrOku7re/vuq6Aq0BXolzDJnxY219wArCcWNz9y0htwxoqTVwc7hrWY3noZGBCr3JQSEBtdPKmwo4GVZ3sVpOT/bscauFpAFIOTOsh2C0VyEwyf9gTUf9/2Sy3PsEQGDYFlzn8VLvYZD0ox3Rh33h1QdlO+BKunI7iNDOBbFDKKYUxPMn/KdNzcNBa73/fItvfTkbz8acsVqVB03Oqnba66lPxxlTEwDxcl3mgLwudWhjUimn9G83zqprfL/L2JhgTd+DYY8R1tH8Hc2JdstDrhNOdul4iV0blXljB+K5bLaehZbxOiqwx+IS9iDV6PVBzSgpyfcugSt1aAI+H113uy+F3JEvNTd6ADVKKK6GzOq2lzzF2fBFeY/Lmrw8GPI0JlOKtI1Xm67ZgheHk53nGtlLUHfzW1NsoOYFqTbUyPX9z1dUwesntrF7m4yjAZyJqNCSjXvJL0OvvdSP+nMfGk8+edOjhU9mImXmVKA83Nlhz6fbM/CDAv4p1Unz36LoXs6Gc2KiiFUHmL5P/jfRhzOMN14e4c+crVKWlin/zCDpAkUh5hpGRjHY75JM0aTj2MBaIy89uY8qNGRcC8HGuyAVHESdEr8SmXX8PMv6HI6rdYCBU3yXrYvDgP23tDT1kE6jw0+JGDsIxVarWUuhg3FXfQdgiuupnDWoeYkqnOEizTxlKziBQknT3lddtayOxDVGokEJRb6UdT+o0jqhwWtj8s/BXmGVnJkkRvu/hRxomr4Hi79VT2J2kPe5kV4XghdpGxGRGzYsJ1O2PPOb+RsUwpGmZxppdd6u04SchHoMg8NOAFB6Y9flrRIfmqKRoZgdqXiGQTy/SNowgJ5mOihL4UKVBseIhXyZ5KSGz4nf33MVXPiviny8NaFRDwuXNcgZ9f50pBlfil8wCf8Ch7Fj7VILnHnpqHVbrQEp5cet7oERFNwwR1AIppRq/T7S0kd0sxbEx2oDhC7pgVQZU8/h2dlXIlZQ5B6V/VMPlBEgSJtl/P6Jqsc/YcNPedMXkZfkXisUJNoc92MYsQoqwFuMaGWh3TcsCy3jnaRPENO520XriDmKdurfbhvxkjgYvpLaaHKs9MkVlKRTao3fWtJ+CyODBZ3MTpsJeJC+xo5db8/9Xz4rRbrHF1GHuP1zib3AK0+1BhMMWt28vbdCJPecpUG1vmHJC+ddZGL0GDzpf/EPM4RSDg0OqVb6aesK+zgEadTrsX4vHnR3823kaki0MLaDOBOzMr9s2EoIrreBf1PmDxHBbPDB+EIXdJmvxttxlNIv6OZECHtGLhlNvqycyvuvUlKYyTAhD2p2LB0Iw6Uf2Z7XY1+qCQuq7kx9Ma7H8jqkDa2Igp56L/vavPM5D5nKQW//bWCdGMoQrWemcnsRcU8mNHfp7pg4s7/Xi7Ao3apNKlyRJkb5uoO+Ja2iIH4k2foe08m5GyYyji8Cg9cUXvsYmUj7sOBLyAkxxe/aWiuGxaCAFLJGpnu7iMy9+0jPUlg1Ng3QKjj3WIjuvi53XIKWSQJXnqrnvjQTAgFD4MXlA9Ie/DamRz4ZenswhFRI4ZgIPB4HYzhH8L3kZLS8PlwY7fj/I1ahMxaCEa6Wl5g7r7n3CnE4Fl32DzocNBZh5S2evovuUNp6bnI80gXuLmq9La7yONzLXL/Rf1jgUGKpF/eAoD9PukIEG+KkN69IqJefCF41qrkaQnfgIKx9GdbqjOrNhFklbNqCY2B1LPL1zL785fjj3Fc7EUdpgYkc5T0oSw7DrlBepOtc8XPGweASD6mhMcMKnRRALYI23K77sA95yS+musfUzk7O2+jJSzml8cAIZ0tj9bpbrHObz5aT2AF+mcuxz2mkoWgtDL5gwNqSC3jQPUzMI0Ys2wKzHGbIGrKobBu/tYvk4t8YEjx+yTU/1RK98NzNUT4MbhZgVmIp0YhxQ75WajOuP+9EcxilbczsyAYsEa2jeX536QJRpT8fYQsykTUO/9gav/qPULQO7QU865UNuBA0XGjQXB8lPdQ5taU0fUjq/Kt2QMXx1mekWsuD+I5E01HYoK+6c4fGUra2MBknhABJTHjvlrdJEEHqO0ejYxzeBDggjds5iG92aeolmSW5ZjtMNHJBMONBPH908krDQGqD7BYVp2MnPL0TMlgPm0C6jjhISOX4oCdCGE0YnmlRrhB3EuLWwD47gf6NhldoQxtgFhMVCrXIonlfespoMaL2mKhHRj0lvDAifvViYoGPNd8TjRxRTix2o3I0rMr1qbRA68WO6LMzeXBe4KAke3sq2WOoqKnIL8/Cu/R0cRxUfY98ZNW0B72zRbMOTkfhN1Emp81qQ7VIqnI+Sz7T2ND2Tjq8ddIr3e4Brrr/88xjngYg9BCNGXE8+3+rTCERcmh477fzC3pFvBYFqLLBcB4Dj+1X0ZgD6Oh7lsBa/ZkwMk31qUMugahVj5y9/sleDgDQTew3TiyZ2W9dTuGT4VpyRbaU0neAFMe24Amorls15zltjAO2OaWSvNSwuWTHDC0SRu8hwSBqVhAfvrWcRjydBcxFumAchPEjK6hkxpgn+a1Txq+gqadFfMdAr+fSbFTD1XnwNBjJvaRa3L2mD3Kl1cCiA7BGa9tSeSHh0i80/PVFcAdxkezN4KmU1awDcR95nFoVZULqlAZTddXsYcgZFDBwzjshWLvgmr8sm3J7zTsDs93JQSIv3yt9Af41AJTMpFC5vZbVMZqLF9uXTWxTX1hf21vAg3puoR45lLpzyjIjV5mcH6WgHNgiHTy1i6IsgGiLwDlAhKfWpgojiiAFB8Bm0A9BLUJY78uCLOgY8n59kK10bnQEAtwqaZC1rjPoZUZE6a1gMJcFqBwjp9ZN3VIP9TnhEGT0CJbE8Sci31l3cJaCHbZgQHRoS/OGFwI/SIhozUYv1vRsGbtRcXZ3CVqYXFYpC2NhJdjP9SiCpB1Oid4zsGIRccVdkxzhGGWEUGPCf+D50C8SMYVRD+piQKiURThUFixjehtK4TpE1V4EamI/2Y+s90XecLyPz5nQv9V9Cul5HMUQxYqcGqZmDfce/y7O/MFpWoB8A4/desZmn29FGYkA1F0JqiVNudqCdwnGo9q9yYOO3XjonCatueavqZpBxWVGoowuOLFdsr16ktrzAhaR46dsHcbRgDVGQz1W++0MRINrQ/UHevumuOrHHI97pNT+LtStsxYKemCYZNriw90q+0XQiOjwnu6VpTvuUEv0KpxJTtFg70UHlEu3GKKxacT1bOH7E/lCiYg1EqqguEiwcu1tF2OW7sS8dyxYtzybauhFy7/b91NYxYjTS8hjJRbwOuM59jQud/JQ4g31o4IeAGH8Uxp7sa64Fe4zK5OrOWRzsadlyLBW2eAq5NA8TLffxRVpJMwVR0IzLSuPPmnBk9nI7/DpIN4DFbdy5oSfjsF7jlzBmxwdg95D1XzmnwCwivIJLcqgJVGfVHQfA3CkIveR/BaBN5Tijqz2X+scqWt759qKNH5hCdhuwuMoxLFc4Z+tSCsl2INSLwFKPMkrB0mOYvvgyK4sRWqC1v9l/Ly7Ng22LhXA8dqsQgN+7bZZdldxGzO0c/2jSvBiUGfwtnM8dhyCnoEpQ790mcRDpg6MgqL5P55f48FWN+BoiNEvDnu7PERvFfv8I8AF32YLwEERGBpexhXzUMDxV+6U935onbhuwucahXggjZacVkNNq8aM4vaPnqdGVPJvluXVYWxgWJN4qhuxDI9cI+wnTbkNeIf2XxI9Jh9EiteLn242AUaZYNCY7nuDKWY2kxpSLoFOzARQ4ZfdZT1xTY9KSntSzSQ6narD1zDav1Xa0nYHBG1pNyZyes3WN3f87m6lPrL6RaYOP799UZddSpl2mOzYPWUaDLRw0jgmeSYHOfA0nAFP6qCCwbnKWISFYDoOqrg7EyYF/AS7mhrozEEuQoB8dsMWRC4JR6Yl0jsTGo4YO9oKebU5RX33Mw3I/RCAmh7bEcixdm5C5HbLMf5klbq2DLKZVtj5fbhCuUksf6LjSqO2M7UDpL1kiaEAD3AuQfnwUihwQDDjPWp6sxIPYCilMiTjyiiByTn3WNpRIL5OPnBOT2vlDe2dqXc1GhkKlntWvpqHc+tYixDSsujm9EPzFZq/SlR0BZVXcnjsR3XnH8WYA5caYtCzDlK4moSfnkaoVUkXaC5AIA45Mf7atd/22yG46sPSnu1iQ926l+6oTVkgClwbUWWMqjQ+cu8xiKaRJbSlXIRwtZ9sx8WBg3vRv5qdV5/0OtLhzg62tCDHTncpwkKePCmERz517Y/qdZJdk7/1Vfq/OTy0u3g4L4h+HmmJg23EBukI0pbkLqs1vyHffprE/0At1kUlZ9Y+pmPXTf59uP2PKxiW0Kw/O0qmFgU2O7nqKrb8lB2hT2xoVjx3ikrPu+m8MprzR7tv5qshSyuQLkRFgO9eyStKMu86EjeAWaef6px0GUvZ79GgOyDkS1ShgSydp7oY7kfOMFTVvgKJNXscoVfXkImZni3wsuYnmPZiMA2bT5yuBL8n+mUrDWPDTBp6rctMvKZUqHeBstAR7KOuUruIqtNoxkXn6ibT5LSUL/+K6PHJcBDZp7Ivu1UWNpOrV+CVTmUaLfkN0jfyxAWJ/OdQwvXGZffoOUZqKI5K772S7Mjbc3g9muYgyt0sYxOzQ63cRRyntn748zJ0i5hVv62B50boHkxIGs0WTB3wAHmhT/uLZEyTAFF+QwVKG01VjKXUdJ/p0zHinEpLq691tFSmoT1ShRhBrY0AbsO9u+ufOLBm39cAb+kEB1bvvJyBnLe0Jo2n/Po7ILB2U80ux5q71/8drM8o4a0GYjtMB43hLnHC5MtY4BHSabynz0ZawsEll2xYcEZcBWdGFQ8+LjUn1nrKwioRh4+Hjc2D2t/aEg9YMYKtdq/SQFtJjtiJcA0w1Oq/GvK3+5wPqczFah7SdSVgQ9oAUyTW7+7jB06KWrcYVfTLd2/bF18LygCainzP3UUOwV/VryE2lNC4wl6UNEnii/lB7N6fqaNLn+zFQ8/q4UYBBZHt1H6dugM+SJXKfDR+nXTICA2LfXqgxIRlz6+n0bbL+LFiH7mLng1UG92HYHLqCt1GTwM39qIKFHZof7d6vZwTCNdOqV5NcboncqIJVArBZh76h21krzuA4mMWlRF1E09FZ66LuFA819h0y57t5oJKhBFbbsIyKR+nEeTHyYZHkqRpdJmvHMfdPkBkRzpA5JdnpO2q42s1KQ5HNfPCltbV+iYCeAY+P+KiRzXhJ+HLDVw4pWjOqaA4iAPsa8HelviLlYmKF0gCNbA4KCEU9zd3+BSR09+A1MjGcORO+FW8hnoSbc4QjKFY6dqoZvHJY8kys98Cn/UzITRNriexP643jRE1OQyBIUr80Pc/UvmZss+sa+dTeLR/LO4G1Yxb/NIJyNA+E5vbmHzRmSruKoFigRJXdALvQfsfTO15UbrYpKo+DrsXcQmjcLAW+rEpnsi9sWIRNoFe+No126GXI+mbxTU7eTPLHZ8f8s429ntd+/NljWq5lFHmImP1FWrJK66eNSNCYbxd5tcDvYkGIb1L1PLqim7rI1BaVQe7uWWNmnyLwWYpxSPV4P5ndDLrL7GJpMdu1Gx+GVx9OM/5pPtDyzjp7su+641ChgyNA/0rq8rXvDKKAO0C1xZyRWUjlaSkLtZh+KFguWan3Lug3DeWeujPS1E0YydEewfZVmHJIAqacUzxs9130p5ha/bAsYWxfZeqjiykHhlYBbtLLCBu8f3iCqrURbXXP+yHDpcU+XhbNoCpEsRySkxvtamcHRDzzE20vhWFIMGwiL/tsF49pr6ik8ocqBryYzrtuDbLS1d59LP7pKRhAbariBmBV1u9F6bpThIpP9aF7yI/Ot3UzbLd7DakTk+QgoJPod+uq7ljILYNp7931cwoFBHBhB1yDJvX6i5DtE+HSMMUFsCIwO51He5DXAJZDAhWGyC4xV5+cgl7NP0JWXAdqg9Ajf4HpZtUvGChJfGgVm3KNLXjAORSbqQ4kJ5dheduIhWeUf1ePHMoiTR4hMxbJQA+381kBQNxlMrh02q+AGfsVQ2IavGY+24giid076PvERvFKdHpMBItMYPMZm4V5JQFBRIm4eR1gCrOYcEykeZGKpuvsJwGhMlRoLJ8MP5Un7UtcRlPzjEyw2docSqTy1vDwKzPDGQQFagDoOf/08yIseVsoC9hmXcnon1uWr6jjX6KBJ+e2pJyuoxQ2y45aAy7+vKbHnRWWowYKKzMgdrIOjPhrOUXPwbaMUYxOZkRBZo6awerW1Q6GeS3bNNFCQ8ED915cOsxyVgGTMxDZxwc+wepz2dakv1r875/CgS1z7cPi2OItgD5VYwWXpXUs6dG8DctRqY0VwHrEg7JgOGIeXTnJh6DDKXpX13VRv/yTGUgTtkyg8+Tlw8sAiFa/L4Bc/P97whBeBh8wz01lKantt7D4mi8GaLWaUXbQRyjUgZp/ug1iAFIg41AiOg0lFwehvyFCMpAtLjMWgqhwklPwy+FVlrftBHvmB5C7aDE8AWeS2jrjLxmI5eQfnxkqRmgWaZWCEq/KtXoIJQVetIOS1tYKldQz3bMS0XfcrXp+0ny22hBNwNKX42fOaowFAUQawvpAyJoyFEDKxkk8ktehmzBTZrnIfhNzWjQLdgSk/HQjtGB8A+rXok1RB23b56cmls0Yf++Ko5+T3Ia87lJoswcfBVF2b2nS/v7virRVFVCJE8pRg8vs5i+nKERpczb93iik5ee2FXrc8qtr34/pTBAANIrBUfu5WysS5flYD1NJANxcjowitk2MivWimt7nEGpe5YKMRQWyukYmEfVl9hFAGIliDsslItSiQcFOkJx66sUMvMKemoIT9ZDfj4S5AKhmWplxzRYjIaaio3Z2wIkjB30N2/mzysa5PdoAx+hAAuy/B+MltccoFbQh9rcJHPUsV24iUA/whC+wCNpevGuBArpg2c0PD4T7+dJw6w5GFblpuOOIdeuLRLzmaYi9DgWX74C8X0nf4K6NGD2/mvJqIus951B0ZkcapmJXlt3nwa2ioeF+FBMxYZQPXssYW86g1DdKY3ltQegdlSY938cbekUyX2dn7wx/VOgMuj9IAwFf+/WV21H1h2hnYWyzOB+d47+xeJG96hCQzrm7DLsxOMoIPG2WQKc+6HbwJUywMi5FI7AtPPcgxbvcOtM5XBkgmnJFTuhfeZJD0iXGh4kxb6PhiJDPhv6U4aWt14vSLogtUdoW+fA71v1HfrplTIq1kNX8C6qosK2y4nBK1Wl13TSIV0Ce7BY4N9E0zkSOW5SUvfr+AMfW+X7Mshq8Ircr5iJMWfzq39k3GW1GuVdCAS1wDD2XMV0IuyltEJ4s1QZnnOzq0gCOndjwD1LndMcszb47Mym5clXwwH7tcFRJsg5rk3CcQQuQXRr+4ztTJ2Imp+fsxT54h3wbAap3hUVEGT6o6DlguKuQNgYbeSOF1jRF8ML3DiuSmcCf4H3N8drTJFR+OIbW9nU6gV2kapG7FLY+5XRjRkUQXYhL32itanY/Jjgg0DyN4wGSM6X2yFU4ti7iOJOdPh33SycPTIHIj2hmivqtqLj0ifZ+GpPr0RM5UCur7jHSRG1VHo+UWWokuDDnLlxoiONxk8RsUql5OnYiosCQ9zhsXSU7Bugqxib0kut7neCj+lMPAJqWAvQp+qGFOKfkZOkul4g45WvaroeuLyW1kF6io7XgqZKlvc00KMxIT9GlAyPowRGuizmIDeN1eV/pGMvf6qTJP/1ZqulwEu/mN7qJmSHZrLxWP8/3ahSwhFzQyFEM9iXby0l8Ez9JzPg99/+xhzrDEXdxYbY39JeAr8yXTqpOSvllI8+27B95vRqxhMeW8VNdAbLW73dICnbuE65U1iB9d7RA+wjGdxa3VoWLKJx3C6gT9vDWvtKr6f8GB8cd+SmNsEZH+8AZeejmfYwxMDJrTZoDWEatPm5BTosMSp5NOnuR5nn4hQ8l7QBiAOIbQ82Brj9WI9WAGEC+dQ755faEQBf1ubnGMIjiw363wwRWGeUnMkmrr0gYG7/ZOnA+xi26NLLrKJ5jYOKvHc0bfcDbB25lTVNtEBEDlqoEmKUxYT10HiqsVZT42Nh/8fkHpnGHQj/xYyZ9IvR94nBjjrPqEUPK0sZV/arfF4kYDhFJBYl70Jqy0P/Hwz7FNn8e6XTlyzsEzdmTjdZ3VamSXnw9yKfWdRV6O/7gIG8YENLeuJexnUs1MTCR7O54Zv8VyrAAIN2ogoG0T15D39fwvZ9ZVlw0fxMUCZo2SsQkEcFF/yk1wSe2wkatjQNUmIOqmADoa7OWKAaAq/6YYseMF7kNQOQSABmc36baXSCC9G2Pm9uGSYom5CORmnRdCyDzQim/xTU6gbTTg40QGnyjdehMLsV7AfE67FoTRtuQLCfNYZN7yKJCJjJkXbFU8Y9A5S7QNHDKb/C5fxzqbkO4RlqBtW8WKBvPnNmTXUG+jWeMM18eMmffEeJxmhAX8fynG+6/z5T+s6ZEdnsioDakyGmFkbP8+oSNE92yt5IpZim+2bxgWxd4CF31ObMXdH9sYBE7jIon6xDxiRj8EpDOqYsBy17lx/9A71omZnlt/1lZLyAXNgSmuZk3tEh+YKHCXvnAhWn2wmOouL7UE2T6W4WhuhB9m9TGUqI4aTKXqB5JWpJHk1/yRfzG2swPkjrbYOKvG8KFmAmPX9FNmMoNpxRREIjfvDVoBaxyMZ7Y7we+Vh3FeZ6zoPGeMGg0gXZ7mB4PMejF0q1ii05gE8uBM42WKHx+nS+TVK+U2abdFegCvxFEKXEOYlSy8fybBRAdEI1Wf8sQc+3KeF3PDBH+5oD7gB8zpeTrOwPEUfzuQtaBmtKbma1rnkSn4wQpmNgYINNQ8MpLASPTO54pMcZYFT2NiBvGBglWnjRlJsIkvg2eMHRFXqoKCnxNEArBPpAC3U82utagmym/WyqU2EebraSATSVQAw5zQZ32VXdUHWj2skQEQlXDwwmdG8qBblPEPJFzhmV44oTcIBJ+4hzrdLjbPmTXociTGO4oLOzAtTwM6um1aVxM4N+wc8vzzWAQb8h1Uq94iu8NTt4SGbMXAqy2gmh7GIqnwCz2DzbF4F4MdXHxc5TlPd1CfFUgDAOLda8vTiPRNpaqHOFXgDhb75OI6JZ4hQjWMT/FBvSDGcuEqHNoNq4f51e19aWyOxaesVAQEA41BR6Tcb428YmXwDtgKsK6hJldX/bi3wk1TC3KiXCT0qhuSARHjpkIYcangmG6Wd1Ruaa4MJqe75wUWrZd7A8m9U0e54mfYR/D5A+FOH+CoApZOUsoxVAE18UZnRqFhWMNZVjPH5XKoO2i1uqrUJvSb1xX8XZO+5hbg8aa3PJcJSboT0aX+gLUeYEols/yX+30f8aSiyWsKJisdLQRdXfB9VZhYsusvztXYXMcDF3Aq6lo9nPpEKFpooNlFGBXVolDVKten93+e/FD/JcuuG4UEgAd8UtESqeihxcF/ApWJbf3fum7ggtaLMnN5dDCdPH6t+XYna9jjT5JqSttPf5m7LpsePGY1egHsMTKur1NSb9Xy76N9Mj8ZTVkzN93QBv2YsNmSwwHUAL7UrVDUMeZYvNF7m6Om6edLx5YQlqrOFM96Y/QF5oOfg24t+qtZNUcokICdTM5K4nEoYME8N/EhTW6LhRRAUNOdVU0bI3wDY4VBpxUEhIqsYqPlMApuDyjbscseVgocki8dzLQZj4wUdGiAGeOY8Ut6k6GvjYgWI7WP0HBEvKGI0cT8gwx6lPOyusROrxan4dbHn8M7ohOjD22dD1iDvSyRuQefkmcZqut7mF+TMQ5iVIx99ebewB3elZa0HZLPeInwMdcSuOf1fJW6jNC/GznDz4nEgGjo7A2pVeRHQtwxN/OuCk8F3efFO3I+vzRBQavQXHn2AzexgaSto3pqkawBlYEaCLsgl9j5cE3ka1uz8X2jV18uNeYgck05f0Nw/FEQoiLLUp6KL2SmBWU/qEJ2Iju7c9RuPyvxytHKH8Kexcoc2+ph25xWdmVCZy0HJzCU1PTujfVN0Zw/4NU7AjFVn8gekWgTiMKoCsIkkcEewFg7IhoLSqoALogWius8XkdNeqQ9ehwS3yxIXayP+XJtcvgoqFy7MMFCgtE0PlmeIII0aRw8FRkpHDwKn9QxTD6JpnIkctykpe/X8AY+HMw1GDNgAel+nowLD8rW4BXnszRClhGk8PMVflBifgzgkrc1OG8ulkVbVXu1XvNDZgrCSBccb6yuWez08v5GQLt1rYub6S5GM9cLhABKBVPk5LHwiT+zccUDmFxmsV9cH1aJgzbPkEXhbzw7qXtn9svboEJCN7s4lVW35PH5Wgrkm6AXpGYHSbRvEl5Z2nk7pVfe5A55CXbuVrVmW+N1lA/PM5K4gz6KiiylP5nmG2wcAgpzth0SSGeAN+oLoigLU1PpKZ55BSoycOACus+jui+l3NmYbTLVbBOKAwbAT2JGfreYufXqAkQ8rbXUDlCxuacrT3Ye9Gau+BsiS1xwaDISeeM7H+Vyl4GnAMkXCheQSwPzPPm+QYRvFupXKZLMMVBg+uMV0htYghUVGbcoAv00XXw7O2X/2utFxFRo9fbW2wTXATy4dQB+d6YoGu+spAjEAz076Mk7qRh0MUkHp85SrjvpkQV0gU5n2MMYzdYw6raUZaIVAlnDfpnf2CUrWxJ7A+dAN5j1JPXOvX2XXKNz4lLPhda9CbtwOky8V1CBpFsNtn68HvKM39Jjc73iE6bFEUDFhDBOyTN93+AsaRxqTaRU0w2T5UUvoin1eOBrQIlCMewlsGtlrMCosRJLaxE1h5+m7gPo5vibI7dh16e+0ry8CVd4Xa0QhCJTQvUcQcZs+CFMNVJaLE2lfidXwMu4I0StBbA63df0OCtBH+MdpDmzYKKroYUDmr4i5CH9hbVQIB2QsN1hzKliTjCASDzL7DHlWghTecR0IJC6NXXPhjWkkADMxU47HRlTdwXePndiy1XebLPBJ2txT4qaXkeVnTXYYkGvPn7fQaHbXMKbiUlhz85QzW9umN6ToMALmMzzL61CwvbQuGxkgOiSm+orw9FlQeXUoaRz0G14GVC3QNKy+8LOytQaMup1nuarRlar2phZVXCxG+/98UnQS2nzfI/JxKf98NMJP7JcdiDOno4hP8EvwHPXv36Ns0nd/BlATvmmM6usTWnDw40K9iJUE11Oygtx7XYJ8SaPkO+ng3QR//llQixBQPGUPBBATMJLjLJAjSQltHpYIlfy7cEChGHShwmnXlDYB6ua+gUFih1U+p6SMgRLJwOlRbyv+jpNg616jyoAi0UEnTmCN9uaZHKEG36dmMYxqRn0MWkSM9JIDtKpAtF4xB+rYo4/pHExtDTyCvvHjTtj2UXuaIJZA2325qn1Wcq1L0hiUxZd30OMZeQK0VP2tjWBXVWTlwuxacZXB6JdOIOlK6HE7r6s0VfUVyG0KeOm+TowrImSr0tr/FWhj0ytiWigcM9p0EJl+lu6pkSVhOOp/jJGElZSatf6OEETdFgG7ujQoNRJmFQnzHDkktYfyTR0HPdKKWM2RzxX9yfGKhJV2s6GjRZiGB0mJmS7poD3sypqza7yH5wUmzcLTh6ON1ZLVADB0QddOHlhn0iY3BWxF5NF29m9cBz0AEm9SHJZehjm6qmB91XOUBZgNdU2YvBsjTJM3UWZ+TfB/sBnU9J3rzW7kfFIjHwh5PPOxE7w4SVd6FoZaibzGmTPvi0E7zYxVPLqS4JNxh0qXYWgwqzjxuCgktW9SIBRdnoACqyU+vZolkmYKhypZ+KJVDAzI4A0HZGVym8uj8TyYM7n32rWZw4selFk7204ie/NEt/VAmUbUxCgOwh/a6zZjfTrZSQ2gjUyHYr+LwYi4GDtyjeTGP80q83yzhggeYHuwvX7Gr1L/E8jxumhTLxNJ1HY9+PxdJKz+rf22CNr1wMajGQNx35AAE5Y0ZsrRlvF6lP4a22btllpbv4WrZZAZEuPWL3SCykgiMQIKpT7N1snHWf3pkBzja7ocyFKvjwigiRzT38ujWfBYMW+1vYw/V/pMhgijwCyITuPYO1/5clQgtTuoor+Sho5T/KjrEW9gtDARvqQ/+LMSoPCyOwntpomQJs+G8/BQKRvOOU6cI1y0644B/w2xznqw5g72fQUnmuJGwbfSU8eAPqaM/OVsr6HvKW0AfFOoQk5TSND5ABZAgRGgB6y0E0QTSND8+CHbN83X/0VVm0XRU1OdgAv0TZWgnAd3gJiJ1ufgxE1swhIwrRY7KbgALLBDMnI8FlFcnISJ2boEEHX4Cdayg59BsGuCYB6NZU6f7V0sQPhwzDNmVwCHv+kVfrFXDcDklAyDHpB58BMaJC/sKeDCJxZMie4HU8acXrPmg9OAylT7JIDGTK5XhUzJxSyLVuhGwSZvATAADhqhhD8rvC3Qg7fLi44Djcan8aUglRKlDAOAKes0rEf6S3w8I1mlDzpUq5hKFQpqn0DjArLF8vWMHa/Z88BeoG+fk3cr+J1zZzRpQhqUDNUt+HSnHZOR2h3gdIw9wWmgi73UqgA2AkVRUAXGVgR5HROtM8ZVWdvAFzCvABlvh/IcvywM14hQOOA/qeRP2lflJR1teUpNFk+KRxOwF7syK8hsg5qx1dX/0AkU/0z9X051OE3Jga5q7QFNJ3bW02dkbcC2pXmf+UBSYWKBrCKLjuUVb3PWmbXqP8jFKPvAETZeAg8gf4AhE2YnAFQtE8z8OkPyADTXdVNsx+4OCf7aVvg8pGgG6TqYfqSzeBdS0vlMA6tI3Ywcf2KDPBVeqfBm9nwaYsFQE+mhz7NYXIiTrewRTUXFmWv9StBVG1qMAGfrGoAZdGUvOL8MxhOy3oJ7edmAH6xHBoV/rdcaNoR9VHjGlGculy+H/bysvlU/MtIJGQN3G8gDj4gUMDwc/lZTO7djLXwOrRefkWsgENxFj7+ErF2dFLkDlPqE5E0KcXYZLCOJTUns7xj+Rh6IerZ9ogIFBvipUw9/opAx+zfEh3P+9lt3j5AlmGSX4CyqFd3qvHlmu4SGaxF3o5k1FXoVjvlunKLcZ/ncyS2ERowL0qVUSLD2sluH8MExwZRlM4lg0ujv2CS5OEcJszkd4S25WBn6F03VoFACX2eCALbNaBl4bnVc4c+Sw7EljUkhS35ecTTWm0FZ0hOScomxWokqJfIIfd+UfyjodmmAPfZan4zqNfXwlAGbMPUwxf26P0UrHI3igHrdJcMGUZ3AHDBx4tg/2hMYaOu1oEqTOVQBueUfwrM62ZdOv18qe5H9gvLKVPy43qxe/otZ0xY8Wy6VXY2jjxCzA2nujRABi/qog3cJs/HDggWtnETdUNKXl5vfFgdYjaFwL5fAz92tma5r7/DSSlgNPiZ/kbQpq+f3cUD11Fdm27yJwFkzE7P9Ag1oen7qRTjfDHzSbjlngPJNJ0L0HxCr0mzDRSkIOrmkSTZnepgTc81QuXqHlvsgxsMDaOK5JFC+Ck/tV+EnAiKWIEa/s3sC+Bj3WaAgrpKxif867DK48is0dZKth/akjuHwIyY4yxih6DFaptWrXilCPCZUoCav2owBe9p+EROx9JI1nbHWseF8PYCjbamF3BJVraFFdgIeCeS4RZvxvUCirnDOgjQYl4HIgSFuIpiLJ/0iSeutEyjLNKWRl6T4SvNChFoOAHYEBvi2hjbiMLTYlwNLRX4N9kJyIuaIK6LDt//QQ+v2IXef0mjP2dUlKiAphBGuv885l/iqRWqXnYmiAzLN/kL7R93NDv5Vxqr31/zsII381cgXwEssbqS1Ls1xoT4LKTSJgF2uD+/qOy/URsZQg82gaFvP/psbg4qptPmwG9a2yE/3b/OcyygDmjdE2zMT0swPiAsRxV2RlXalzJ8laKRj41ZzElBY3MJ9Gjj+Lo0/rSW3s4S6GEQm60yhfTzH76NIJE57dKS9k3ExLjSHaYhtbRMrh10TDRvSrqscHo6Iu4M9gagHENskUmCEA5Vc4AKel8Uo3phuke2NHu6onUuef0YanuKyukLwNa/QWfVCGzOmvggYJURROrqExW747DCowAEnqdUs6PRnV4n8m7i1g1I4c3xTfn/qEUrHaL7F4NE8p315gpt7JwBPEpS7N5fiFsnRqflAmVAdS4ipxduDiJ5Iw5IXhLGDk4zADS43HLSjZIablvYhQFFIvXug6JqoHPHak+2y0t08aPi1brr4VCFzqrjx60O4YO8bys5Mpsm1VdaOhr/IMYOcRSoRkeq4r9OpxtbnQCivZrLlkFM07yCwnpPQrNazxELLskDGbJqKl3MbITTu7/zczfS5o+pH6M+H6es5r/eN1Y1tEBZQWdGX9+SUrtWsu/ABTJ/6EHAUXTqpCGJ/6QGAnJHl30zuFELkbRuRWXAzn9aC5U9YevJdBru7L+zI4y78hgzhIETMdbtoI5Y3Fa6k+F2/lojIUf+HSyeIt7t8JzLa1UHGdUul+gC1wrXE5VbDj1W5EbXajlaSphqYepC9cjzOmNOfaOW7gjkbVEC1L0tuAiYTru5ZrCmMRWOq0bExFeRMrwXnyWBYnm4nYdrhzLnw1ELiM0VpMImRK+Mtryh/2oKknG7LMGv9oqoM0gs/VNaD8vf8HfIYNQNVs5bHmJBLwZfvy5RKuovOpiLzeZ8qqXUjonOcwu8Xt8cqSJpdg8IOTVbOcekVXuhZzWEgwguY4I9QAMHAMYUBxSQBCQnNYi3sMhmD0FSY/URBbQctRMJBk1uchwPYUEb8Dscyz/kcg5Xzo5N37FGVCoWJh3TgVdD1L5wznDuzC7pevR363fdAEozB/Arf91p2EyS0XkuNgd3v8in2dp8RDDw0Rsoe60LE9Vm/63eaRX0T26IbDrDzoQIhCFsUQ2OXEi4HJUF48GWNJiaI1iEF4ICHsKN1q5IqpnlpuEWHRkRSQ6Hez7rIaueiIZ3S9PHxwBoFxHITIfzZAAjwuB1RuOyJ6b+9SEFbQhz5Tjqtf+NUGGDTgZ6SUEmlAJWRf1cvyu5eqL+sz9P0g3U773URKclgrhJRLMg3tFwJ5KJg1yFaqtfr6ySFGiCyFb3GDU0TKmM/r+78gpCoWxDB9iackSDWjd4ojwbmjtfuQrAYQiUjJOE0t5eSLAmou6sGASDs1S1scTUrFPJUIEXJfDSQ7U8HWXzI1JbOq6vgSmlqrbhnuvquwzUiqK+gNDkQc0P8/h1ifmeH6/ZekZn1h2ikGO0tykVbLRi59uI6NrojVZsCPrIKsYHuSnp4YLRTQ6J8228LUlHmD9hVKvSWLaxieejW04TsteQs5XDVWKOIDNM3DrDoIsIeiOcWI1LpToJ0yFkW7EWFuq+RSlSGl+2UteC2RVw6CpJKIMICX5KwVrjVEw4j0jUkcPaL9ycbDcGmpNvwlBVgYW2kc02FuIrOULlxRfaJsJES2deXEWPbqNNSIlrR/P7lzt1he+KlR89pH8Jg6H36mfrqVMMzJysBu1+FOoa3vwDSAVIe3Z6w7VQjFbnwZZ9lUpaQhLIcHIb94Xl9EdtC5tF1SDwPghqe3YZjjvOOs5IiCnAj4FTz8xTK8oJr+iP/yFeZ9zcdXhaofJOPp2P5CQ7HHWAFHbN9LZDz/Xess/zwRie9F+zJnom2gdkZyK7+u+l3sjHj2+HZucmBLRFbKan86xj6nWk5dBrQN7doHcuxNyGVQR9KaOgjE2xAMOem2fSZsDomBXr9Ioct59HbnY/2pnX5mCav8xnl08vDv4yKg32i9VqovsSDW8NkX+eI64RxO9LnyuQZENIhm7vlTmsMAXQ9WjSK7LVhWA4DUyVXVGtNfDDvyKKglbjaxw2gPdaDEKMYCqHUwHNjSI4ESZ67i7w0eDlGhi3hgHZpRlmbHX7iioraLK++LhxOKSFx7a5yGXd+eGJCsXF06VmUNwRwmDm0WyFoNCJfPRmSr+GzVR52SV1UjOB2kRhaZw7Ta0hcvU6GxAFauW+nwWgL2MDmFDmfSDfASYSbBn3uwmLESUhinjIHFbF114KmddGt15pHi8JIHnaa0E9nW/u9q1V5ljkXcJEb5+8rZ738jxtnIr8cmn8Ss9uAMMhu68RFXif7F4CB9Db7IiIc26Hjg3/yirIsqXm1TrzJMTjOXiDqJLaQujMnjeebMcA034C1BsUyEQdWeUg1DQU1+atFL8NggXVtJ8SInJhdNglnx9vGs9rD4xAnw7cs6ifpvA/8DPQvZDPYS7EqhFoTyS+BTa0UMuBxIKesTRKzQd6LVC4jqOHzQ7MzE3Jclq9nCeKit4grkOi8YjI5Xp1CBBrrnfFWraNaqM4MWnXcw6wTj7rDOJUjnMyhaixd9JYC83QK0hFpkr2k1ZfqfbD3bnJD8Vj2Vf4uj9MdizX58xkhl7fmpPSVow0mNQDLklRueJyelWND7zUnJEUZfIbKCpkYIvJ70jxsO7QTKtcZ37jB5vWx8GdUKXEOyg4MmCV8gS2FldvEf7HQNHKVdStcVXM3YNEH94NesP7WgBUJ12UF61R8WTCqb6aCKvNTkxmaPzP3pKi9OO2vRGOJGti8j1rMmgSBRBe5KznkBJbazT0WCnQQv/YIUGCxUrMJBBsZ6J6GfkkuIWAVITPimhAtEfxKHgVti3kBGSKox/VrfLiYDNANoiPwzE94mmNMcuV5dKuH3f2LZlWteMQOGDC/wIRKdPMrOfPOdbP6oMrMtjG/+BbLFlwDUR2asCLl5hlh5zDNqnGXMzzqF2ViTaUUqnTFURvwVwxWvF48mHE2mCSGAX1Bok/3fVCmGJH4zwTGObKopN46eAV1Nwhp431k9nW7U08VRhGSy1+qRJvuDFIijDFI8tnKJ9woOMlvwPpMJmI41PP3ZkNbZIMpmsUmIvb/yujr2B0X3A98glstuGpoRa7YUYewwv/I2aQGuCqerxWp66taqKAxgoPjhjxjiUTWDuZt+MuEIAjOX7t7yRKY/Qjr56yV1ScNzeLLdZymEy5XEyDigx/OtukeSntbZc0HgojmHZFIJxx/n449RvpcqieB1invXHvcXTPuRjziYBmfn5eedRu+eCvk77u4GkDFc8HuVtgjv6IISoBiDFZDOnzqrdri/wXc57XCla271DKGfYHZmQAfpxQ7NyIoOQwaeJJpx08nFORIl4bDC2vqvRsQQ3U0Azw8ApZv4Dq8AUMvzfmdE6wbsLp51IaAXKk6Lidf6Tosp6vSfTi1KQ+GDplFxzHoX+69p1k1L6m7DmCmwqvQLIOeplLyID3gl1CoudtI9gEoH2vHYAR+bwjcMQjhArQ005iaNFU6oPWhG4Vxf8SAbC3cEFnaGbTSDIG5qaLlvX3l0p6WpJVl1mki2myFdmEAfU20SmRc7q8wOgWtQie25Dk6sk1TcWDC888QoTwJo5ZB0pHDz6FQ7X/kNiWvZnjuyoP/I/OHGHUBkwX+G3mjg2se8EvVPmLHfmhBcaVhEotsjAvCg7JEJdeq3BVJZ+BnR1QG55zJTPt3NBkmAuDTE+MWIHHkVO7U2d4509/lKYwP4cv0F5ir+Xo7SJRKdgkvXr1LkhTkn+jOW+eQpqnTRifHy5KNo+fuAdV9HakYCbUnDVh6QBJuFybIzO0ZXlheLPZmVwh3n3c7LYvrvguACnoemZD1LL+5ITg6+mlTmOusjpUyrhoesAwYTInW5Hh3aJ/KZ3s0ijttO5VP0hpo3BQSlvv7f1TyE4TtMyM7grPLte982S9xWNbuRfH4kX09VtooQxQ9ewcZGIlkM6FFIXOfrffmqt21Jl5pgu2Bq1ztUlM7xMeyd2e8OmwM9+b2pOF6a3rQZMcM0EGq2NrPHTQh0cCk4yq/NTJbArAW5YMaM0s/7MGD4ptWM+KRd2eakB6yEJcQHIywO3Yxs2RrOKaHJVZFeVyfREaDg9JEDH/f4wnkkvCWg7NBzxvQm2herSzvbOPZy9dKjYfPuYNw7tcHWQEGrGnBOjB+xofbyg+L6/4VPRZlYDyo0bg1TwPY4KEr4jANdoFrphUacCbY7V2kbAx0qm0R8hsZV05EcewDzIgdQoBZB7udxhlRTspZepVopdkhen5Rm2U3K8xC/ujgXqWiS8PhYiefCxnQkTsVUl/8OXh+wa8jzXXuvCdTFa533DzB5rfK+FjF/msJcL06Z8SxqvF2/zuTyBDfP9Y7IMMSFmmvvlpBBV9sULaipRtc6+e9W/tmjfHLINN6nNbJO9Cqlx6TsOCck/XbpxkV9mdOu7fH0Hb8VCK8+ROtdTZHZ3QkOm79hptQiu7BJC7bA1ibPD/t3CN8kCBlvnSP2EtIGrihsXzXQoYh/t9sDJgNP6ZmBooSCsHNSqfMSzQ7AVu+576Frf4P94bmq9lsNHKxk67IctaXqL90Q+YmuYQXnZzmKQZdO3CGNJ0+V5AIZQ3EXTrNd7uyzk0I2aJJpWlDF/gToPKlARoW/4+CJ3tUcrV4fEm3y60Tf0NleJLoRmUs5No61HTO/qxRYtL87tSgGpTlEVux3vinKl6wSrZuGMdgTgkKu34zZL16nSrbRC6c63ZK56YQNrHwt0RVN33Hy55tD8m/RzN8bCPeG4kUPJzBteCbieyoYvvW4VFZBFRxRAPVlljAztIly0RgJG/GwFy0wTWYLJ8Eep/R1jXY6fl45CY51utzbdR9XQUC/QVdCVyZj8goLkjW9HxhoyAuZXMWbP6//CgalBpAY5xCLTT0dh8LMiAfKrva3aN/jMPLatkbAua0WmMWPakfiSSr048v6DRxuYbdzT64vvvgrnQCo0T4ww5pbKiNn58SFRnrRhh5HZhiTxaE0GgsuiZkVcu6F2E3MNAMIQZV/0Frxyhz5dlty3EZ/WHmoR2L4GZhsyZK6Uci3eKtBPlYI4IDrfgfpGAYjcL7sAiqf1jHL2gt7uMtLanUGCdTFdwLMk8JcqbBXdgfQbqlmYWrLaQMtftIW/WJMOvps7NAgIbLm2Y3fVwvA2ArWlC7b4ctXLwQDSq+e2hdWaIkmTVChJK24Wbo7hJPBx2eAzOAYktOXRxA/Cs6pJoxnng4P1o+cASYhgiNonTSsSf3BJAh8HutUsCGgzrLsNpkzAOP+vvhFws6T9YEWGXBD5yqkbxXOdWt0Zv774ySuJ2A64eu57F3kmrqBS/dqPghJM8uiqJHU7F8T9ZeJ3zR+8enBzaG2dgPvNCVvenceJp2baM85J1fH4WrdGumhE5DqCGrm4UldUUqbyK9OZv/njGt9AXi9mEUqTVwwinlXUOk0GPURhxWvkodHOsePmcVukjpGR/AKq4FLSYkZScTf7uaVyZE/6sVpDaD/nEm3clv6u3GZAS94hgXUmK40iSD2crA0YsEMU7uqCqImhhyAv/hnFHAdF738B2oLrcmkZFR93vnq189f43a+KTwGdF4zbgY/ik582LHaC+OliaIBoKgUlVmzzQEo4BO+5ELGpOCbPwcROrvgR1Awz8P49ut98ltIjatdujBKsvKdl+G3MYR12LdyBpVGicZ/xSliNNzhG5sQfNMkjIYoyBTka/HmbaaFfePDLdp7XcRcpRbOfNSs8Gv9dC9/gZ6xOljXkBK2wzB3wIb6VVVfBx0eV4htvylJxTCU4KK585kRFYVzHpAuLDv6tfcafgO2S433uf4n2XqNLY/irqHqHfcn/9QII9OWNCs2dT+d+V/PqFc9CsI6gfxB7/kP/ZjWDike5ZnPgK4nO/CXIyIQMC25uAZMSS3MTWsFbl68p4htxJwsuyxNdqTCPUVjE+heqSK81RIlYki/3eNbhnGBm6ZCcjGhtROq+zebsPbVqrYKMpjK/NQrOfx+rzo5Ay9RxQe/MUlFlTLnB+mNN/hWdUK1VQkpKT2awlzo3X2mhX+cv+Jq8ySkz69UMLGVnrFr6CkabieoqqhQAjlQGaexxVf7LfHF0ssc10Kg5MnujaMsI/xPdWFgrLbYsCldE65ITU9nT83hIkkqc0mgxeaSNHbjsCLWr5Ev5KYDjHhgnf/mW7GUAvvwv0kou6TsmD7+/derMnJL6w0X0Yk47bad3FfbHir0cxjdMgG6hh/kwgVw38jNJaGqvcrwDAl26B8nBSav6WpITGZnIPFNsdouEtAkkyIZpy+0AhJHtdJ0OrT5QWg+AbBzTglqynTiUIHorPliZW+7ev6giJjJGx8zNJuI3rA0Zds1IX3afuesarj17hCZpJDjIuz1dxTie7dPbd0HEns3C5FjvKKFVxvDogRRy/W4ZqlT7HuYF5A4tIob+GsKS//v1lcEQy3koRJbCBv7NOwHYoKsAQ/Bhz5mLjTO+KlHu+7HDX+GLsmuRbF2anblje4CcXG/LfmvArVCNIa7r1wPXF8rhH+ai8gD9n56AIgGwQ/RX/SyuJhwqnlRbp+VJ7NplmLXSi6vqocf4xtDi4nGNmEz4ym4siL4FhBjIGutWnZ4074M5yJxzm8t1AyWX0ijvXMPfTi6ZmQx+724Zfx2N4UURTMsF8apgR0Cst7lM2UhmrJmo7F1o2krQQan0DuJuxmbDFMCik8VLTdC1HJt74hHvAzIHX9utMgYkeQo6KasD0vpWhOElyXNnQiKFPesJDyMzQDb6MwYzVuGLnaVwFoF2UDNL0cTGk0rhPuktOQszdkVzia0bpIiL8lS1xXoOKl3LdE5T2v+pZKxcwB2vavrpAcIK6tssR5m+3IGmRnS88NwQrLbRLnk+PJCoNQFd3PrqQe74ljVX2qoPwu6m6yVsjglua1BkCl0HMGLJ6P9m9zucwKFbiJS0GWSIsZ/m+fe6/kOvWcLynxeAlbn/Fad3SfdD4b1hD6ODOuo4M64Ai8n285QGkSINakIQjw5vRmdZPbPGQsweHVMefbVfFdtV8WuPit4JWMQgY/6mDYpZP2HWhsCHPclC90zU25KpctWnvkdc3iQRWc4QsHzkxd3mkizPZ/Je1G/65E4ziI2FpFv2JKhB3aOIcKPfKyRpSZp/2Q7u80sq2c6jsHUukpTYrzrfdc2SgC3dIvlSn+ohMFtDkJP+yHd3mkj903Rk9clXmD5oBVHzQvzoESTIolxQs+V1Xpe7S7VcD74e4+FWjMhCMPjvVcfvn5dQueIlr0ct+In/ZCFJ4Y17BlsKfdporRmVAjXWp5a1dbJ/eJ3q3vdY3MBtXBKhPaBBJ0AHZtCecu7zSRKQ6oW4d0lH6vNuXT7QgUykn/WYtzUVBsKjne7GKc5MXd5pZVs537RLO3SkFR/2kJRxeXUj9wrMCo5kxuNiOHRV9j/Wp6IprhPR54HbpsY1rePc5nJzjxhkYL7/HUmIbSu4LTc6OSkDdhcvAzC0GjmqgHIp0MdxiESbTakL7WRNxOfsGnPctRx2nx0d6utXNSSJR2N3CHY3cIdjeD2XwzzTbyjW2xeig79AzHj9FsF25553q1xEoeFDatTKk2Z4O7E4DIFSeXvDKf0uhum7PgtRsQigCszX00A8Ei4O6i8Ygsft3b2eeEHmEhlCigH1MtHN31XJKJyRaLoQtJ62e0fxtQ8628oaKR/maPVfh8g5RY17iijZLDmHK3df4kmJQ8Npx5Oj4Y1o4We0LfY6PY+Um41L58DQhkp3o6Dvbnz80XEkDdesj67O57RL/x+FDOucRaaG4rbu13kSzZ4CiiXQYH/IfD/2l+MUyRqYSU74ij+6n7Sb+VQV6gcnLjVBJh6wpF4QcOID953GMM5mIzSK6FDZ1/GL5smNzoxwuX2pTME4c4Otr/YPbj8TcNsD8A9IleNUFlpC8RoeoIQA0g5GMbOrxBfewNvJVY5AsLTqpIoe4uhICIpI7bqS54xMF2WnidC12epxh5DaEMW/RjsQm6oniuRWeIVFVkIzYYtQFbENb3KjNRzQDVVE7zKHdsAO9upRz7FuBZOmDEoi32d17MOilTqkX39VwtoEu0EPFUPOiAkBn6TswEf3CF6ITcX7H4w8GUn8IFDlXMFsqD2xHg5S/0cpyQv9FwCWpIWOcCdAAujiu9nOqcevBPqSnsxmVwXuNHZUVio0I3JHekC2aC0Lkg//ODjvAXkJDThDClXouJXYm82P7X2HjBTTghg5t2BWnpjPR8Cwr2mRdBIFfsnD3SYZgha8uuiJ94GwbKWTYhV17wh4kufhtBaTyVWbnqLs3Rzs48VWgWfbhkGE51uxY0oXBChLVQCFnoSfYgBxVGy94lndB5sTbVNQ+TjTT1guEeRGJzjpMjO1YjS2QIkMFHhn1e2X05eGHHPZ9kQ35LiHsVG8TtqdCzjowB6yubbPo5QUjCJ0L6XgH9cIuaZFHRP1+T65AiCEQqGopt/uzwc7tl7XdDmD7ydINBcHo/Z+h+7jQC8OXEzAlAmDTtXQ/fMshLUP6Sb7+sheorRigDTRHau6kNUTTJ4vSfp3EEldKT3HES2BB4lwcl8OeSJm5cQ+VXEIm5YDYP/TJyo61dsSfhAfAAZc5l9v4n/70yAUvzFm6wy9kl8h++gDhAFwNyw6ofB3Ze3pzG6yAaK/gOQOf3q1k2lLIxn4UYzrKunxyXZ3V1VmJjHgl7Py9g1mSb4zDftu6vGfAYQ2XflEMN/a/Hckqul7LypIODYQsi6SO4jZ8o1G4vJTFV6pc7V302loT9iguoA1fqMOa73PFKD1o64iTNnPmBABVJCM5lqjCJ2SGLzy6i2mccQ9ZPGkTzxG5ttqzLeqvcfdMSb9MgKzp3Ef0TRvMy7alo/9Um4Z9EhIPAcOkzja2ZxIoz1rZFuBbncddjXjQddN5myFH3C1JeD+WhD6hUElMoHg+PQ5LtYLkaO8lnp9FeBn2s4v1Sm+zkOT0ahWfr95ty9Iel+9vGkVaQIZwrwAY26b/m76PFQkFlMNAsXLzoJ7zx7YdWYZI/luGZewTI/3B/eYLalBdbWd1++80mVBRMjDtcMIgGImJ1HCMbQtGLF0dHrVzKwdDAyJ8/BKZ9yunTCaWDI2+RoyXRvSDYkM7Y51eVLGsu4aEpBPtqHZJT9lWeLOCWrm736zRn2OaYol1qmwN+2Fkuo9s9R3DQk35eE0EilokrDzPufpa3RUb9uL14ZsPLtQ9sCA9yw9Tc2Yo9IVxgzDih25FEincEtc3Gs7SB1Kne+TK0aW6E1Tjpa6kXUF6age9Mz50IbSZEQFwB+iOaES7NMJW/WMkG9yCkXfnzVK5VTk3N3XOZslqGlGBKdWqhvPvzc+sHjif7CMdKByjAZicSsM0UGHG4h1tzBdS9xPjy7NPxkb2FAGJf8JH27uPI9+a5rwvQCB7yfdP2sEn5tVM7zUx2hpQGIaHwQjKkxD9bjVGoyyTQmM/MQu5KJpWWesVi0gxuH2HzP4T3aPwgy5O+dJAmxnWby9Qln+fIINg6zKTb40dvyvkE+3i6GowDk7GygSPweoPQ6dEm4LER1cVX2bUVMfhuMaZ8yYNKFkLNsPZhmf6bBvVBX7zLbDjclvffSfzq/gIp0iyen4cqsLBxPUIm95wqYd2OQSFe/Ze18ryTi6YVDz8vSaL9s+PLm9ORP5NF7+sv0+Cnq0U2zkH/EiB4jm+icCtL/9rqPrv0ynnw4yaedW3Xzrt4d/kAxuA7J9VYKn7kLuyqYn7tHZ06Z1DRqRGE+gB9dDbpS7iZSxD/lJiycOJ5iB4HhEWhaDhZ1o1qeOPmHXiN0YQYvgVD5+/L2lYTaH5KdGP+nSb2rYnK1a95VJ6eMgWla8qk+4d66MlYgAAAAKbhXLYgQ66zPUS7r5Y/UFNbm2HTh7rqh11menijVSaEqtGjmRF+W9mG1t6Da+z091ePERRBSYsFupf+TEsvXZOWEEL3cK00wzCbzKE0+SpvQEN+SPzRBXjz2fQqyGJx32cZqU5+z11dZ12J8eMTrEwi/GEjG4/XBtFpf7Ey0K7Rqee6mm+/YIjq3i3HWIGz6JRSi975H836wu5SXJD7ndI/kbfUTbmNyhNOGkOoTylXsC5Q97aRr/SldHG8Y/cMDs418bE9mWi41qUtsoCjn+yGM1E2bjCHnix7f6uDEKS1kjudUN7pjvkgDM1688zGmuX4IqTswUnX2uFVrPNAQE1BJscVkk96GcZdl5eHI5hGZC5GSg42ooCnXcoeyXgvmv0SK85iqUl/ElWTpFy0emd40ogmmo2rGfDkKDAltZXQMb++40WXaLL+9mbJ7i5Venkqr0lrrVxCchaTXEacf4pmgY39byA1edKSi1hIyFnSjIT1yTPWy/D38/DgeqbaZiRFRmUsRQcJfCCIsU4GafBPMgUKfzxTgGEuK777Tk57hqbpssmNy85RATLif4upWRPfpwcbPbqH4lomwsMMAi589OgblKwG2AytF2vYgniXLCCZ+PZSmAuY0QzrmkL8sba7eNMHeUCft8H9SW/ZPurXHdeRgvtYIDhGGZiSnCv+QPzeJU4to2lJ/Y3v0bhObe8pf9RlIMroKtoXG/nPI8f0fRPbAr9KcOrC8MrQo2eL6Nay/ckjgDYUB2FhKR2VGmnOnkn8Pr15OkWM5OVtlW98N9e+6vjz3VRm0wkCacNmpxdkCKbyUUYZc2WCcMO6MvHSnY9N/ctcx0OOseadZCaeoRkLJNktjQYpnAKefveWyDq2KVvBVXkOoAX+RtLz4fDwtgPv2KIpdSciVtGfYXkq0PClJZaeP2EqGXq6vjU4FeZ3UEmuVIAMe/IdJphgi4oxP8f9b/mYE7i0rgbw59ll8ts8UFdzJIVoUSOvHNJgAs8M0FE6+UqUyI88GTF1BYuH5ein/ooWE0Na9d+dVyijv1ZxKqY7t3vZEx02ulwf3Tbq404+1REf54haFUClVKesQ0XNgPkXDz/xm1RfsT7epcY520Lf8t0iBePDRSA8+t3+p4UoN1ehUoB3sHbwQkZintB3EtmJZWLNjKuQq8gaO6yJoXEPeBTcwZfoxV2/if/xpfyZd/RyOX5OrRh+00gHTa4Sbx7nHxxQH9d9+9uR0IgqIuWx9mzS6vUw8psF8hSxvd9Q0E0hcCzYharSxEZXxGJq58rIFNXCgAFer8V0puCQmDD1jJqH8bGdVvXM8Jaz8NKvNVEAv/Q9rDBQQ9OdMUp+A5HKEOENNEDDSLYXpiCORJkUV2z9UU25z5LoXc3SbZEtAYEM0w0JC8Vp2zX7D7rGmMioWf4zCo9irkQccwvLqRxESaYf7E4dl/kB3ULpvocY5+1OC9agiDdWeOjiLHnq4eic+VNKZ4A0BUUg8m/8qI3Cb7gp6IlJz3LPOZgY49AHesGlgpKKewll+hG1s8zfMM4pGeCGe3a566EE27mMXGZXS91zq3m9E8AjbsmmthyVpmnW0IHLHRw5eYBNvJgBRxeAiACRc6zjywQ9lLJDQcoGZEFVJWoW18mmJtXtvQ6zVplYg8M4dZvjW+btTtyhx9STr9nER7LnRTEQMMthIWK0aulG+w3XCk5ubgLtTBAB6KBZ06dLldLehBgtvFuT3NJ6IlEksY3u44FD4HCX4ALjdRfcC2JFnVz5AinbZtAj5gNb+CSk5tmxHKJn6Ms4+xdIgeLux7AGq4Z5J3O73ftbJKR2tV9SNwcJkexgv4wgBIyXaKLjHw313LuGMhlZ0/UoL9RgzFMUZTAi/mpkqpUEkKDdEYOUnVowVPS2knUmEiYOWOAi2czzR7zA1CJmXYHWtxocM4KjfSVx8gV6oabZ42nxf+6Orc/tp1ugNNJF93uc/omSunaGu+epyNnAvgV5IhFYradSjuAWCwjjAXKZHQyq8uWQbLratnAv+VtOrsllsHSGm0oDVe7mLn0r3UxUIw3yNdpcYJ4ssX3EENGG8Q+SLGAgAvPmXPi83zhXrXlOjCwKj1qTdnEvL0TnN7ZcdNA3Baj0uE6zc4NmFO4XdnEUPPVZxpYwl2c8WgrXGqJhxJi83ZJblS7vBYVLgDXlHI83akKM/bnP3tABUiCj62OEB+6k7NGKMEdqJkjQjZdObX72BLAUB5yhpPmvMlSIAAbzjM8paVFNsOnD3j2K+WP1BUvJh11meotsFfLH6gkMq2os/Mz1WT7CU11Ql39u7wXKZE+N+1RmmamHq2nQ/IIoYegEr3qh4nvaQqVm2eJggwEr4bcEBtDtaJwOwLoDMweHyKyvaFhmPuVf6mf56Ie2Jsvs9DL7TplyNigWD9aOIC9KyzzDNC5dyyaXbNm49/9bMth8Bgjwc1BrcDOUEpqf+nu/+5CCYJBWpMTNmHyBdP35lk3TrNNtip+jwExe/Q4Iq+7SbW6OexvJIjfwP9FC9lKVQIlm2icaOfU/pKYUMIbnQAYzQEze2O6LoZLmpX4na8U4hdRBx2BZYa2ntnWraMktYVKj5KOrtKOZPZByHTHWnV0wRJebnuUaPfZgZIpkgKX1uxFUDJpONyji4Z/hdGCtbAnc0QVgC9lX8GQ/IF3Il+b3DmsbAiMgj10stFra2rji+N2MzHdt6E61yZTSilCXi+6ZP+37CUG7mi3V15x0rlj7RAvqAscVTLxtbHNS0YmLUKMmf0iD0Ap1emKovaQaPywDX70FTt1Fm4915B84H3lleqZilmzPeSYo6x9HfwL0ot26ychkwY26Le27a5+EDen5W0yEmyRwpRMscNNkiiZZazCzvn7nJm+oXnvRqfx/DWdyJ20cokKLE4ckRjLP0NVvABGmUHgv7p34pBikZKRIOi7Vk+L4pb1assq2rnkKp+FSCFbtfbp9jFXkht8JUvMN9JAKUfLFjOOxQJuoTPtqPfi28ym4MBcKR6Oyf35xlPq1La/+1eUwk2b5gSg+pN4xIoZeBMfVl6TsI2mHWlDIQQkPu1AsyfbisCzJTUW4yYMbSac3ShCt3NE2DyRXiaG8dEXc6vVoopDPZJD/HIP0RUpoHYPrimUgHbhQRpoZTm9qNfWxol2W9CIdH5umuczIzVXGuHjDAeXErC9QFLan69YT135jlhsHnTQEoP2KMzVbuemqMVGv5esEUgG96HAM81GLTxdJ3gQNWwxlOsbjiTCC28WfJJFtvDelGvkJLPzT/dNBKEZKVbg7U40qtPW6FMN9VeNfwLMnFD3oybdjXPkyRyuabtHwBqijubX7IP43qBJEBjgIoI+z2c0hMtvZYGWcwsWEbCCkR1hbLp/GVOeE7skC2fIWPguo+Cz/vBM5Q5L/v1B9GVX99Kz53hQGiO1fDCR1pZLdvvMF8LRXOErqmoFdEp5kMdR5wRAjprNGDZbuajMQL1V8Y+j54mZAHfiaZd7QeWzw3Fhlkx46s+dNvGumyj/L0yJjwqqNVaDqYQs4uPOmlktVDEeuv01tgVil1gE6sunwq2VPmQVtdfZEhcXapmnG5Jsey2JwCqdNqtyb2cBIT4gsC85Cl4cNK0CXppqs7mWlfsg1F8hwtBx2VkykjLkmeZc04oAzqmv8rL5bu47Tu0C3yPX8waNao0ukssZ4VA9GtVFCGE6KWsWTxXIrrXF898HXwjap7At/UqkXI01sBplLhGdCzNsBbA0hrmOgwSgo9oGT+8viT4Vh9hKd0EF8O2EMqHxIyRaOkzoCYFnYECRl+SoJm9SMTaFgGCYd3DT+hHgcM4RO7lEZfq59D9poQtY9HQQ4arOW9d9DePceHPx85c5T4FH2ZtzaqFQZDReKySNrHtewVzAXIcnxhhSioK5nvYSuG/IANrHWJzzDumETyEqSWtNHlaDrTkLpE8effnwcaSTsvuooFhkK3J77u5YrvoMHCeslkhfqSUZADzz768dLHNn+OXo3Sd+wj/tOcZ3zzUNQ51b32LMlSKLjrkEZZ2T11ay/tLcHFx2VNkESwfDP0fDoeK/P9LcprVz259aiwFPbsgDEwEBmQWY2EAxsM5wLyBLEm/xC/3j13hm4fbtccOkJJ10WCgrdqYiAx1fkhCYOUa4irQQc8KQj3iGBDTxaXH3x2yWfzstq6YIrdjvbpFuj2hV4fpNAl8u+fwkyiefGNwHc1tVK/c6TCbh7W3rzOpD9E2eTtAN+Smiwp7YoIXVteEg9wVFGut+CpMoJtSsguGycozYuA4OecJFes91xblF92E7/rFYhQRYGnayL87/C0AnaNDUrmWA/QbYqiVqZynjuvuXakKLzQSe+H5QYW/ODYJPYCIwmxa6hXHHTNN8ReBdfFklxl7QNEVNvTjs3yet6zzGqCSzU0ozH4xb9x8QEQq8y1xs07m7Ftx8SCojltdhkayy7RZSV3A9zwhm5TCTsuU/ybS53phU6tZ1yOH6EEVdkb1XCu3keu+aJcYzgobtNiYZUv/ce49kAaKdC5eltd7rd0WmX9gIr6oC+pZPi9i9iOXxXu0gaMyUEUfkZohKwtMaM7hVOdX3+mmZP0DnhOfdE218JlbJDX2N/jH/0o7Ho5O5PctN6RbwX1AEindzTHvcvfBo9hkL4zfw9gTuy7hiR98IRk1UWjpLL3g9/SVIOd+M55wlVvmhUeFfUSlroRCrto2bFY1Ey4iT1+dccn4hZ33VlF8ClROJbTEQjcYlSBsfgIDT7xFvHVZMFkZv8H1XRGq8vMexx0N9J+UKMJFjGH+uwgt4UfEVoQhd8stOj5J02tAYkTq/d8c0YIkINBy2KCmkETuCdqKpOCXJ6uTbXBs8LJuQ9wQg0u3OT+4wVKrl6LOsMKGWjPqNiM8DW47sKeLoKOiSbzPJ1wuSSJkGqAmwAmb5b0lJm0os0tGqYAtZtHaZF+SPkblsccKJ16TcjDqcFlQUT3bZ3/E9ImASqNsaT4FYTUXzxTEx86dRPO6NSWduhdp19mbiMRUn0fPJiCNTmlTId/K0A9BYQkdayvLhV6rhZlTr5yKVlviFVQ3iQHKlbnbGVPPQQif2NRqS6fQLH1HqQxOtP2GAP02dsRgavCOjSLsB4kI+Mi6uqofPDH+Y8kG2oFc9CNcgPplST2x6IsDJd71zA337TGkWe+9maY9HjAo845leVhUXr1gJeX+kETbqOqzlqH0ZZmOhXBTS3+Y+lQ9y1VcnrJu3JYRiL2F3YuFgXK5YSBJjv7fyim2mvlGQup1e92snGhtHsA33UHroUtO1W3VrHX0LtVJRGqg1gz2O628T8JBy3ap1FgZUEm/+1gIDBmSXJbIBXgA4DCzTKwv7j3NbSU4IZpHx+j1AqBFfyihsP/PP3w/PzRD+yYWM7P1l35V2u47YEc1fQuq83/thYsKyFCFVrvJ+dR20rhX6v6GGlF2gflqINkt+esqyT+8tbbM148EVDQVSOlYgf832AaX8JFLc/TdOVEBFpG4PZtDIY+1l/1kqBHi7n9/hfokgOlWahrNGhseUgp8KXEBPNjczQ997sJivQdfoSs2Zh7CXNgUWGHmxZ5QupmUOzARL2hiigclcmujt4/Ceuhz4FvzSMRwYY7HlznDOA1kutVoDjN4Xg2RXJHjV1EHLs1h9QKLxhkROYslUKvOMbyegLxgbAGdwDuiECNRQVyGkLXzXYHKdM3q8VO8nRXmFVhwBdSSklhoIqCDRKeort8S78iRG2aZ83lOWH3yzZcCDNdbeGHlBGVWCq0icWC+BuMnsFA5g3EMNJoXK+lKu5cOArF8r8az0cFUBbSpME6b+8KtnO6LMyepzwvaFZmn7JfTTzs8wL1Ernl7vLzfbsk0pvAfmoekuNjep17ONu+74Hx/A0RwUo4fWEAvZD/WeCn0pdWkn0Rn5d0wfObRgqp3MgT1EMXkIH1mz7kdnoLXjk8zgXnRiziusI3r2ZhFV0EfraQIKUYQulquOLRn4Es0RdDqBbdLzs29NU3+h4LcatLEixrOOO1bVcDBdTZh53Y0lF23SD5pxRgCzd4ms8d01vkSo0IfDoVhSY3qsvHHNb5qm8AQ2HRWIMxdV3cfDqm0pbq8aMQADVpc0D2pVRNoPkAFJrB0GCiDrV4ZLnl3ZLri4Kv8ztLU88K8ZU12MTt+oeyGSb4AITLf0c1sFZ5L/r0WJUVOX/5FnBH63Xv7tUhiyiXHOuE8EhVg8TY8QV2cAqFhLf3z2gw9SEXOqDlgDE855LfpWShdeLWaA78cASoYqZKMe1w2tfXplSfCMT7KyX2dfDe+rMXTX09izELiKyMDarrlADNhSWXNAAjsvK/FWNc4yuJoQIdGkVOYpKOXoPPvYwW6IZ1M6gJk65r8LZ0B4Jgo0bNsM9rC09X1jrnu2fZQ465uSGt62ytdBXB1Wm2ERjdbEIjUCKD7pEsANvq9L1hBhsVFNLxarHV9NfpSttagQiGjdnYZvH2JeBIGo78vgnHXvqqIHZ8DDMSw5WYWuXR8jZe90LSWEXuYBPEJLkWJdDUY6dFbu/XtyxqnfZtKXqq40nc4SpU5RZwlqUUnBCUGQkhp/sX5OBnoVa5WM59aSy1O7HNhtMuY37trSlf14xtifT9aS+PjZdjFzADwD26XpzRpS2dYoaTQYI6BazNjgKThCMLJqNKEGv8wixvf6bQqWQnblqzhEqzJOXr5OQinRHJyzmppLnEb1cPNgrr5jGXD389dV/thsVqBMnGKpT7qi/WpBaSRf9iokg8MdkgDYTDeR6C+45ybKiwlwczZ8Ggy42AaegiQpLz+DprEBPHEFWx/cCLmLX0pzGiCTK7PQ3ciZGbHlnlyBJEHk77l+cKp343M/HNWmvhazubYQ2dfKdsuEPvUrj8bNsxZFUIfso3i9yN8QznjYuk69m4121ryNcSoYoiqB4ZNqrQbD6UrK4yL/61A7C6+9p28ll7/7SxxfQSN+/V7HUSe+RMgiqMYwA/xtAjqdx3ZY9Z/62p3jgUIK1y5Vp7jJ2/jSfNtHdqvjIsmceMmPi0QqH6tSVkNJMc+Ar0Ur/BgN48f72sbvcS3Eggvcb5f7xFGrUhRRJe4mLpSQfoBabwjBlp54xeU9iuOlr1ho0apsaNoO/5GfWLPCVCuksy9BhRwINwIvXjGuPzPwraHaYsLQ/WmKHpD2MY4/ubTv+goonLaAf5G6Zm+Szx8X+EywGkNn87BEnmPVoEU/Hd+EEVazM3AJf/oENmXKSuIzP1T01/UwjDl1J/Vq51aktmTK650TCI7cSlolbGnZVvj+AZTROKdfbmrLrnwC2ZmjFADS3zPnien+qKb2Z2P3b6we741gSkdtkbBD4EIDF986Y9mH5iMwi2P4CgkL7gibNZvVUhXHxc5ToEB41CYz0USl5QuB7I8691eRfnRrqSaCtcVKROxixfjfCh1wOx1xhB5MiqW6ww/iTIBoR9XeD+wG0JLx1Fs21mEv5vysUkIq/pqGHYxyLiF5abWV4ZmwR3sfbmrKt9sjEXhJffABhXUQmWmoSKHbM8Se50dGYnxyiLEtVnBJgq5Ff3eQ9OpT0iiTBtJWX5Kcffwk8yvECKAVpq4rUPIxd5EvSFPiymjfhDUAslz9fN3OO9GtzeuJJm+Kgd9uHMcWnvloVg52UNf3oT5sRX4IN5AjEv6Yz78bHlaNQfHlfkoERhp3iaHAgDtjCsUwdZwiUUfwdKqmd2m+Q3OkZ6NtGfHym8hj0FbIb9QkVeeerI8NwdSffp/W/x97U+EcXRJAdMc3V/iNaiuFOpQmg+8+crT4Wy8SpA6ASZumqyliB6jMjfIbpK9TXpxQU9GXOZfb+J//WzDADcKXv6NDKBn9B6NMmuzDJB/HJZqkbsRunTNOdOR269haUxoTtYJV6IpnKuCrWQIOlh0MTnX5PISbDhgWDNu/Q8NtfPMUuEX4OMbJ91AAba+KwgKPiYEAdp3XLrdJGfp7zJEtFSB8ef0LGmNvmhbG4vKiMdJhX/+vkIVan9mjXO2F3BPGvqQQSMqTBm3kcGsRTKfkmFYgN9xXJYa65DxTSdn2kAiJDXY+RLlJizIbAiJLB8mVmo0ae0hzdGVFX8xeNFHFxlLyUOqrdktUfQmhhcMOTKiYPZGuOXzqDVz3NEjiFdbQkOAvY2xCaSdnT7aR/YE0PruKExz8ZnuCc9uyNZlCULvKqhmtgm3vyqYBKOQ9CXMJiOHijOKWzzz29KPosKOL1UV7hem1tDpthwFSi6DH6urKLuEItRuygkNo6Ofck82loHIqPCBlfIYC1Iw54capJ6+K0ONG3bK/Qtk6H4eGhO9K+jpTNXpTluwyHMS/o3Hx0UBLicWRVuQc01CJ+C5pkY4ZPlJl278wCDNQZWt3mGH/3inHVphDcS0iv8z34OUQmN50qOLrw3kYDumNNsIjCFTcheA/m+cQUA//WSDn/npoXkyM9768O/gkqVadZMVwKiEFmFlyaGLjtEkO1r8fLllmW1wlhd0lp8PNBe/VOv6oNVHC0w1K5LZVhxjQDujjYixQ7wvvV/iIwgyN0upnbdnKotPaF5gfx4UwjZtdBgCmtnKgQAFZc+LFQU/0v5v7E2VKIOaPlXihzvmIIOKtbYceOG2AFutuolAq0BX+EHgrw9wD1MGSCoSe+2a6xBlNHgGwm1G+CaRImP/hgfO+gSa/+Gm0VmXjPHMki9YQobvGJJOlv1ztpb6H/vXtQulOyeM9O5OCWYRsSXUXYMlAvHImCCmvpxyvmn3us+opZxG9qOzx1uQlhKqDTDIrnMSESB2LPbyOC+ACzkBWZpfYhoiIufTF9Pv6RFZK3KZRO1hn8EDsY2RVhbOG2mlo1rdTJT3O9BLXwzmyRYzqdwr89j71YZESwym54k+47jheXfAv774bnD7ueQsTQnbV1stoXPw9sUcZ1fqSpDMioAcB/gXOQtpSQHsFd1azgkEIdmN/pJyqD2yUQLMghIohpssHCrOz8syDDfSWmjBXDyms9qRacWIXEA7dzfywrR/qVMxtEu/g3BzdX9DjC1gbTFPxpCbuK/3BwxZq2XHhTCnf++pVCAdD7RGx35o4V6Tzy7t3jgKyJbQwEzUdi2Zc2MRHB57Ow0KXx11moLUSa0u7A1TaOE68h1j62OTqYQY4vFilC0EGNSAiQJBVpoQQxrLk8CkdiTNU0cmEaXoy23DxTVu7NVG7EqIGj0jOr/6hD57SKegKARbdvvDAtIRPJKdOUivLeQtoQbFzT+NmyW+LZoTozQGlvEIIKhj1K1RA2HAuk6+KWndaiX0wHY6I+Xr245zIp3sXHAk4aDbBGgyH3xt0pFEttjcuwAk4njaOlJl1PKpWTpOYGIfIHJBAYxaFdBQ8eSJopQMPe4dUb+jYUGCn5jjB16hYDhl2E3xNCLl8/rRTongXI5A2vVtphrErhYCdgfAqMa9FiQaBf692Hv0g6SA5qHsJovs0bX0GIUeZMvNiXu33IzDRvYnAho5fp/I/T8NljYoQeXzFLEVVbKUF00TQU8jrFbkm4sye5aD69y1tag/AnqjNmGblzLpzo8+qW5FQn/M6bfGolct+LwWxZdSdKzDbJOuFJkWnSjUt0CNBw+BuFLPYFI7o+v6vCV7qKWLrj6syMqiGf1OX+lpmkdvRuWxjX8Ey3yBL+K8+Ctcm7GYrsgJHHy5ah0fyloJX8R53oeX1kunREOvhuNDi8O9/ZaUUZNVIEf7U82Uf+EHhVhFg5cbCRn8f8vt8tMBgGH4fM27H0D5Dnu7CFr5RE5O8KQco7H9dGBAKKVgDOMiSI2w017LYXxUDEnvAfaUAgOF333eB/YfXzGaVFNc+S96mS0i4RecwbltqWp9NwY2CM4zBDTiSwpVZKkUtQ88YNpTsS0HFx7D8MWd6JCkCRq9AN7iGFf+uIpfpzoSabS0KULIIf/sHzD++ThTSp0llrVxOpy3XqrAYswvqLCd4cf99kI5cGL7Gq197DHK73l6pGCAr1P6LAkThIuUQMpHADcL1uHst1xBvzHNe6DSBuliR54T1uoncecFYu5oc2ifJzReNjQ1RfW2XF3g6A0+pR+ed7wAhsJUchGF+dwEFc75ZIk+JdxtlIYvTqYDOM5RY4DrpTHjtslwx4Pchy2zP3zhxhRau2eGmnx6ixDMMdqOSaApFgfm72BOXoATDPe45+JA6UzO4Uj0iZ4gasX7GJdbP0bG3e8wAwLzXu5YRwk8FcmjEOSsLuCLwj1ANsIGkshfPn7f7EGYAC8bP29h6yreWllSkCD6DGWTN3B8ztNn8/t5UVK8JJC5+RWt5y3q1npuayhU8ptu0RZWG+K5wnxJvNENTEJQqSCpnfO/l/B7hdYUJJbUXxVAaj7oipoMNEeRv2xISOmZFsXP6bRntD4+f89AsbX+rnRR7kjS+Brj3pIzoESmLMquED7KNKhTsNZqmefi1LhPs54sPrkQYA05uee/VhGiMKJK+1XrFFnT7HtS0VkaN8393hgV9IaiZER0NpR2S477KXW8+ArtvK+A+SupyJWmlxSb4zPSUryyVidEPro5zvau5qY3JujSypUGYQ6qobBuF4jfo8mfrURqsQatNU733MxBvAC6Hgqdm5KMe11QIOLvmYHI1YGsvVxy1fFBBx0wT/RiflWqkNyNual8HyDwrkPdMKMEfhRMJG1dQ7yk7fiVC06lHEZIAGG20D6+oQ+mE2gnU0mpCBoxK0207O9b7yQ962cIS7lHHfL/B8U7AB3OHagtzGuUz6SSyHCSIBZZc/mvnVXY9FVoGbVHGgpkSiW6jfu2qo4s5S6mmNr7D2usUln7cg/Ik/DWa7rOfHzdMdJ5wlPu8PezMoywibtheoPjZd4tfDthR4hTJ6pBK5sRp2d4pj7TP7OgzNX8WfkCEqgcSBaLgwQFJzjMgX7NxEfev+Fg52pa1quh1FL4VUIfM1SEwPi/sGNadRVDWcwWTA2pHODeNgmLb+rah4aFizvIv7TEqWoFk4FhGBs44yzowLRavW6O/AwKU1DXTDjp/2xY2G1PzFBI6zp5qDr9BTM4/7y4BGUNIjO00lFC/++OgJB6Z3n34uzPyNla9z3v98jV5qT3hxn+13WLHmjduFMcWLfRZPP5Cz60t3SCdVSEchkt3HclgL96sJdHcvh/QVStBlIrBS2kSe0eVH0uKTWl7luAekEsvKkcTPyj+t4J64BLgujcGfHMap33XjrEhVAAIl0IsWvBiHhvVKX4uSbHXCUZ4u15II3eTKp7ULI63Iud6PxaPZoG/+0Ulo/H/Cl3UW6k7eDEfYWzpXmP8ByGEkxhAFaMUi3wgP6X1MXoAG/Ck3eg0e64HANYLuXPYM8A6XWnxnUhXUWjrGsjrubPLvCssSnPmyQKFfl2Zu5eMaJUMTPnzyzRtRGHE4u+jklGVvRYgmtIfTgBqkTtm18CetLgDoY1ubaPEFQ+X5rbnwFQ3pEstY/7sMVYofHeQmQ7qW8Vq0WMs2e6czY89hekOffgLOWi87iXw0F6/Eh4HKJ2ZNCitkCJHfCXqiRDJExU8rQ/Qf79LkZr2suU7uv5ibgPKYpUNH7mex8rXVfb8mPXpPreTK1AKQ4RkZeK3+ghQbKHxQZdJrzQj+/8HBN4NlAxgAnKoBZ2232y99Th3UuwCggG8s9HhWGoSB2bZsEq5ooZ395+5tD0MjJjEhPoa5ZV4ySx+7msYzCIchrUJA+6Nb9KcW95uXhzDI6F4L+zpiE02pXtuYlsQA4Q+DGr0RJ5gGhxaVuNCFIb5g3rmrmY/9VZOnGqjtC+o19KcwrcIYBotuBvzYnYNMLqpfCwe9B6XfvFSTE5/LqCYOp9OAT+WCYrUdFSh2XnzVzvX2W9izqPCsJqhLEvkfzem9MipnkcbjuAo0+CmSuIlH4PSTCRs63VAXJxr6qMfs1XjtC7mNkJqh0E6KWiquW82uVFWs1sqxyLaw9WcOVrTURytqq9qzyldryr1siz93FhYxCIGKPlqpv64aUvy80G6WZax2oY3OoUKZGa3vtxm7jyvNfZjnPm3snWzFB8PhYSE8NweuP3NKxnPh9A5BbpafeRqC1yyHDU/DN1fUeUIM7wu5hqtfwB8rwQfpX3IbDTDEuC/u9TZ0uNU4rj3r4gBJBPtEbzKJhQ2U+gLXbQ6/vLsFgoBuOa5Hdo927uZ8JZh5+wMB1SFaqVlZW4CfnXVQ0A2LkL4oVfXMqbrcIlFM/xgJ8cSqVY/kw91aw3qWmKIF09xq2rJLF8EYzPS2V5TRxBG2ElIGM9wWrdqmapvdtHEQSw2hAqZtkz2dU5/s6asEJ4JnGMrTVwH68o9W4qNYf3r1MxPPT33M3IsVHUGMvSZeSLk0YWnLRo1IeQjo+uEUTxqqTLkbx6xPQ5cxRoSKDY2A3igry6NWXdxMAK9zOjCZ3UCIuomToxnHf2qR2SrGASFOEalkUjnJOQu4S+GtWKBS/oLXt554WY7gQ5xGK64bTQS0TdNP19su2uzph3bfUZLDnLjhm8hfLN41wSp1bNtgdXFR4nrrVmlr/z5IhJhfyJWYzKqKzIgBhIijP8efZagH0SVZUOOpRZ1eqGm3JR/1Qc/uAYi9fBlpthLw2SFx1oo3LAuyFeyJLV7wA5cHTcUVkcgVFMyujnI/hs993EeZsnb3w81wbXNuJP/Y4pB8bsnpuUwtYQM+420oglOVDr60Hweu/w9v13b1rg0pJ2GkYd0YO9S5gANn2KS9Buszzre+Wph6hot89L5Z/lGTLPG9KF/jEBchc8l5Hj2xbV9MUYNsIFZnPeAV9I8fPDb6CDw747HF/KjULWGV5Z0Pjyul/3npnk8plc4KI+K40wbmBvgCz5AG4qI/CISOTk/J2n8ZDQbLd3+vlZvRU0ITLwJvL27rc0+ktkVnjOyBxEhVGKApewk9SH1HBDTYV97jTgnXGnnBb1y1+MOE3tk4734mRW/zWhKnS1NRPPf2Ugh3z7Qxr2ty9jk13aZcqVx6OvkIT6hM9qOFMWh/qDgbhcATYY7FHLGLOqDjEkA7BVeANsbsnNzPgVoWO8CaetX0NhfqkYeGTkB2DYU6lFMHrirqqVSawxq4lqVjKkqdke6pjLbKzIMGsRRoLZSZ6OnBtSAwnSPC76q27LRMx0mf/pPS7pnmN+wOvJPzWloGCVHoJX8Hh+as3Spa2yiKd15hBG5nSw6g8TyVNyya7d1JuQY1Ia/Q73c45/oI0PC204zS/lVM+N8W/OYBe5uMyl5zBHGR7w26W2wQlo7ZBEQCZTDqdzwtmS1dVrBYZunEfVBUPVv2ypa7fe3WGOr6dpgTNjh8VaQgQ4tgGFvB0E79/DHH4pG6tJlWxyneTxAQjLkSRcZ1Z82ODVKnQYXh3NU5EYnKHo6csB6f3YNl7enwycFlvTgP5DaG2a/6OVacckDo3TkniidiMTNxVdFKh6N1Qd7vUgWZaweFNa46ZRpclVsWv1dFt450R9PRA6QF+gE/GGcVHxST+rwu1zFBHzvHXAUa5XjB6rCk5yxd+kaextsUyK3uu1eNt7Vu+lx5wep2fVSlrpcayQ1XxAav0R1uCQ+SshzsrmYmA3umbPMVHwDnAjgXho04Pns1X6SYoQa101K0RxXeJSifIy9lDbtnJqAQXUEjwN1HZSpLbdD0UPQr0JvJlvF+ZZxzzXJO82F4K/aWrF/MHYqVG7M1Xtsa0HQ336n7vS1OyolQm9JpC/NuCvIvruSL588Z+TVsrci7lKqogsP5cRl9QocjUXE2YUXlCB9ocS/YrRTldK1Uq/Qo4ZMYEkC3zLG1BtpAGQTiS+tlPj5o8aVhekl3z9VkV0dakELeC/w/BK0xW/acnUS4Ky7w+B1lvQrCaJQnS5cpmiVsQ7rzGp4zyzYMoP9mcX5MSCuPePX1F+P7HrfI/KFO6m0za95AMOrjbSKAd2HWHvqwj2aK+EZYE0/Q+YkDlK9qh2SLBPnC03/nzVPKEgea0KbQQ+jLMdkFsi5CDcXNENlFAWeZv7CUL3XPbxE/Isro0+l6aArFwSJHjNCdnY5DTkAZTCcyzpmg7S0kol9pYLVIvblRtSz9obGZMecu2998UrMJaYh6a4HmOBWS3eAyTLCuqyivElLAnM6YTwXdzvwPzjOOItG3itJYVAHOcpUs4eQFGLBaXJFxlVNzzKSbBNkLNHfZKB9tc/IsBeURwgn0V1koFZxaPK3TGMmSmyiOuso2DNkYyVZqGs0aG1Pb+zwrTbw5GbSnny2L5UInB1gAAH3kCumQ4hyAv/pNiUH/FT0TivMkSP5r8bLUVQaFklJxguegbBTBI7uuhOskeN/KEcrCR3FdPE/LL65bjOvjR9uM7vrBcFOugcJjw2HM6Tm27lzyPf5BgaQCgCpdhDWEtqLDA2sr7fL47qRkioHy5rHxlIYk6XwiEss1GVrvYuBm2FTQDh4Urr0Op8RZoc/E3k53yU5cCZNF7v6LTENpRIkWf1ZcYnt/tv8ZNc0yecVL/5mg4e25kvCQJiPhQdnmjZCYtPv/vAm1xNawPWg3nw05zy36bH+USukjuS7lYtbLCBY7y0yRpBn1nzuw3KBnXqHqv6rmGB7AUfgVZUL5pJwvXxKoRSmtzu1qM3CO6yJoVyXNwZmGJy31jRy6z/HSVFXSLu8hwBai8Mh62icen7dXpkS5vZwUjJtjUes4UAOHrou+c8NGBJk37BNfn1PMXiAdg6HeImfAw4MDzXOr9HyKFMkGF4yW4tjfGIGB8Iso/iQa3YvSpIZSPw1alvLMDS2FbdXCyl+GweT6pkOGvl1/QVCwCEwcjhAo9o/o01ClPF7Po5jphG9iwc1Nj+4cT/EJv7riCVy5pUzNikcth427kNn2feUfA8Bp+wH4oj7EOjajCIdG1D1MllxFRNVdQ9tEpxa6t18/SzRPsy3SG6CVL3r3GDHKcA4YIt6x6LLXfuEZABqiNfP59C9q3lAX0jb+yJmhTB6Gvjbz924btiKS+/g6uWjq8JdK3otVSBbn2AjbUqbNo1Qvpc5O/3bWYW4pywyxz2cUNTVY+CbWfoHuWgEVzCbas1ZbzfA9qaAq3dm8gh/sqeCwhKL25LS+7vpFP2YEyNBk53b6Z4J4AfcmqmTnYvokFEdNvTeCAWXX1jGB2SBrDh9oYLo7G4mO1FYRi4nTc5vJ8NV7dpR+S6dhXSnpMOiyDg7GFFb8A2a5N2mYQv3GZrU+jDtXuAgnjCSt8AwmpXsKhvtZxqFFj3s713mUfvtZH+8/tlYN98/d0by1zm+eO1cAVVLIxlvyLQT0zqSZk7C1C27A4/jL6XZVSkWRaj65lQ9VQk2NWLdgcDLG9q2GvloPV8qJuYIqnaJd3M8NEMnxAGiicgOk+e5SnIq9SYnNwXa9nixXUas/3X1DvVaOdGpfq0pZpB8yp73cenBmN1xkV6KRHZpSOT1TAWY5/FGpZa+4gNj3EufFGEiNDfTADnAhlhQ/Ydz10UpW69fv3fj3uPT929oTDL/w8EKT3cTCBfxnSbURlNTi8MMbvDpCSZAVLCBVfci65Ft/Qsp1QdxCajBS6Z1h41mHEyk4EL40u5IC8HRp3H2ClUJPCwRfhhSsQ8C4tboBTjuuWTmYCcx1LmI3BPLCaMvwd46Uas5qKlOiFEH1LvK7lrtWUnJQwSkd1NiLkbCIYFpy+4mGw+jgBbPYh6gTgWSk8EV1KvnmifZAlfdl6WnxT0BE8dsrb9iD8ERGY34gCC10fi0+gSuBQWTdcMcysYyb6f9TIXlXElt+iWjw2Eso2tAbawgHCyEJCCob48bzT4W8Y0hBqhuABNU0eJ6mra9jeQqaUoxaBRYyjeMuyJPp5f4nCUD2i6HTk7b17AGU8N5KmtEdhz3XTVMI2ikbNecyborHn1zFJ+4nNLnsGJz3tGTo9JROe1x0OfGuzbSA7X2fFlfQmumMEIy0zopcvTrqkY8mz9OblNf1RY0sAnqGAtQExJ7pFJMjUwpLK6KRqDb7C3OsskgMytg4SWTKha3w10yw9rnMIeeMZ4tFMeAMkRvIvFhFZxLzI1HnI9xrmSfHGwf0X7MmTNvy8RUBj3Ypaq5E2YehQRWUkqHX6uVbpC4mMngTrQtnffkNkGXZB/6ow4L4A1+w67/Kusz4Xml3vFoGl0NwgZ81nGG3yPZ9MKutTVgxdl0fldSc8tA0fQoGk8aH6i+sCPLMqULGzpYn7CNE+J8IvTpGPgZ5WcSNa6gGSH722w98phDPs3i7UBQxFggsLT4+BZFqE0jfP1Zx+1FUcFIRumD3DgeY2WgOYoKHqoWZBGpAYEfAmnqP55sjqHjgA2hVvVps7KcC+zCxPAP7Xwpw3dF8M1fUdjnRKZAi7j4cYETUVIk0AkhMzXqUCCOjuJa0Vd8tlfU90FPVEuX2zgKnZW4wQRYnAXwJTWI7lxnYZ97foleW1kUSAfVKfV6oAGAeJl3kwhT5tLG4YpAmSCZrSMHDBCL+wFXe7bzbft8H8+LUUc9ByB4liQnT3zMq+LEFAVWcLQeT7h8uuiVRq4dFXc2ofx6lMe975cqazzFz1xP+UDHwN73S+APe+GR336UDniOuOWbLd5JfwVJlZZZW9/c87ZclqAA1tIYwwluHrE9QY2TdAxanGEUpunxTj1lSsQQY8pTyjO4svHnNQ+S4pONr6yq+eqDnsyOtLILGLG44SLqTVNYyfnqrsmRI3Bu14g+GuBCy3BjjavigVacsh7CgDZZd3RTKeYGcmY6ltD8pMfXvNJ22gSkrbSegNZ0VOy1zUKNg0AWPdoqgpei6P8cvaQa87xHrD90UgUwZWO3AaIOK/tDPKwp8s/8JkX0iIDbnoRLpDc+yfVMoiajcsnKvuQLMnpFW9XalT12sLjmTVYFFBs247J+9m/ooiun6x1nuwZdd33+xP3fSnUw5aGtfc7IWhvsYbd7jPGNCGUepw1fFBg7DvDVYhZTXtwTKXVidXCPRzODD+EkWFFi8+EtxjaTQQEpaIAE+i7KMbsTigVaWvNGlPxMlV1y7sWFVHHIK9Z/nmCZfd8nYRGW7r79r8gMjEPR9oonPL6fotSAhrXmXy77V6NCz0gEpChehBBnIZ/bnQS3dDjXPqpf3yHHvt7DRFMpIihmWHni7gomJKf/0TotHe071qx0ShsYlfC6OX5nm/qxqx/ZJvQs5PuVrQyZ5GmizHRUnR0POHgXMRac5KJkGgut4pZQDVcm3R6taotrOZW5geVvMbQvrAuWpeenTUP8W+a/3/0T3ckUeVpB4WG9jL9a23Dp96OSpZUV6+jXBFXSI8Z97auhB0aKergBaKqJjf+uOTpteZpBP08F5sB9UeH5ppo2IwbYDdDeQihON/8NKmTgSZc57vzXqSqsTsi9GusGz6XF5RstW6dioH34ovHyiBZk3IBRoEI/Q9tq6101K6wDBehP9Js4AGAHgEKr1xjuwSFuAoqY4xGhR5C1wPLpzY5/IaqFJjWqmQPvB0saeFIFBPz4pTg1vVWtQxN7xFoE02Uu8l7wHiBVd20W2mjP+IittCBO6EeQ1z/9mMvXUJ/q5J91kBdAUZMNaO4RD3MjVUB2Rvn7qylHdH7MltFP+xLu4bc44E+zWLv8tRZVUwXOHysyYEJAB1Y2KXZyqkka6uF4Ntcjo52MMMf1RrsRt8T1Jswk5fkTpc5TERVSeU9IUdCQ2QAhebCPd6ZulCg9XvqSJuKPh4vsPPEGyNUvXEzTxtdQUVHA0+uxVykhoDuKq6BjeOYCFnihEw2hz4jKOo+4GvQP7qX+aEAc4S3NOoc8D6kNQE4bySOpN8FSsIW4+8QeR3VhouN44DmLn3QSVstPrn4bDqOua5HnGCjE7jBlH2rzzqSZkgwryuSBCwAU1RXldKpRDXs7RR5RLLMl+aciBWfiwSUz41NjvDDfL5hm612A+6Kwub0F0TIGcU6GKY5jhRwY9iqXvj8L62p6Ih6ul56FzADIfQBUMSKI0atajkOHKz5URbiJKPMR/05BacbgcCYqgtc6YUBEK/FTnYrYrvK0le0HvM1yqG211aDVwug9uiWorCNfg67DnV7KkfVdDhJcRVzer7nOlYE7dxwSVL6ZrFvtsa4r3rrPCpXwux5HTO3QBbfs++losPddw2T9TERxN6gqDak9uctkPI9ucexEtyeFGENMy/D3Fm1h9lxIEU8bp9juxc+W7FCjFSLx+zoJK50QX6LOIaFex8rboRV5VSeNN7H/niaT+FFFic424XStR4NDRC4etUXAgXTQsTsqOBYDSxycw+yZ0T190QEwjHvsVOcSWOp/sjnyGMbP4NySnrgM0fasE1f8scn/9ARynlrzsLKIpz5dT/02TQbmuDDPspFJHhcsA63kysRphVD0iHzIuDjHvQ3oIQpEuuP/83ertgvrNoN/6vnaQsb7451Q+Z3NFmLciNLZyFmMk5ybZaACWA8Gy++NqT6E3NSXfVxmipa9mnItprDYGS5q7IXMyEzto8zYRx0LJZFLB3Jz/3tAmEwvnUE5OqovrgYFAhMSuFZLtcq6LawiSpAkLjVPYbtxoRefeYTu+xP+WplXALHp7hsqnSA4REND1uV6mGoQIIj6qqWMVvufUvZhwwKZdgZgiDQYy6U4MdZvtgtNInP3fnB2oSlIRm6iBXysiqCRySercd24ciYkhZ1WmquUaVyA1uOzShdzCSB5bzGEXJwJ0jBDBEaOh1g58aQ6wgDWHUx4bDNKmKFdhzXT4atSP2s7Ih2M3S8IyLoh4tF5453lv4+8miVJsFERlDoBCYc/4yY1SsZK7l47Xuv9JIdtLXZtwdY2M6JDqXbvxJsJLeukZgCKI5C9L0c3LtaJZEyqpKeGliMoNBATmwVV5aAeSZ33fZYXZ/++RvC7JqWtedj6IGoqWNO0HvP41ltCznRFFgSS4nCtL8YQSVxMblvouCw9cIxKNjfe2f30vffoPdZLnWG3iCtLPq6S/XIQUevWIGd5ADLtpZsk1kJEy5zJrLkBRrsBVKnBqKp8bfZUdKVTynJLupHmzjK6g5MxPbBnkVQDwCYIn4J7Epe2pdjJZL+BpBsQfDE+VHc4hbJGM2V9M1e5Zftq7htEgRcV4sMqU/mUXzur7RG0ukKX+R7RjqeMnLXQD9eIzsn08kt+/at3sNaoHKnIOVRdQbPW1Asvqt51znvI2iPBYKvuDy6wtC6xC3NLd4xfDZZzmd7z7zJJ8uf6BGHtgCDE+6t8o6ueMMsgsu19MboR7itOscZlVRgB60hVRNarQdJH6fRyhxZE+44/6+2/3LDVLNKt8TaFDbFCczyW7zjCiBhpTyM5PANDWm//WWGmZMtuAqr3ep+aERhG2fmueq4UYSPybPA1LAi254NG4j4LqjGQfMjwyKXiVc+HF8cStk2NgSJ5yGMMASxyWrerSGEw0tV4jgxVHT3w3aFobn24XxJV7j5y2OiFxCtvAy7yJb+Px5CUYv9PsSlxWPXROTQmZnB+7JLdlm5t2jiT7nNJETqdwRAiFod9I6Xmeiv7QC/qv6KmpwyJXfodZ75jtnIK3M9FSkMtXG2QdIp8w8UgsIuXmUu7IKLHmFWxRvv3ngVEUb6eEJ/xPi7bYyQ7ytW+43VB6tnhlo/6Ww7wEHipRn3xlhrN74VP9tVx+do5c/2QlQXCP4OZxv4L7MzGbQI4GXrLPJdPJL6o6DWoyJbnWit3htIbz80sQHU6XEX0LpTsXlqKP8og1fx/V3yqvsz8geh33Zk10OrW3CZWweXUtQuyQRLalJ61BXUG6EmgisY5rGAy7XjWeaVWo6O0+vUZPtfgjCKiFdaV/V0nLC6LjIlBtmMFiFBQtXPAxa9xAKtyjFdCL61MIkXyfpv2S6ksOJRz5dj/FcsIz2liMTQ+x0ItQxm/duYBX0I4xTx2+bsd0lLK3Jbr5RPV0jVYcWbVTB2J4HuCq0Y1jInJwq8IwjYEuAehObEzWbseDjhuiH0Ac33NimAIkXaL40Ez/WepbVwOAx/LIpyAfbDBh+wvgnQu72fWpDEi2J2aRrVkw+L6eTucprhsLQGYaRmzu525R1uE9MdPrwhcU1SbSY0/AZnny2g7H5BoSfHrhX+ic3rcAK42UU3ikb8tqR+ml/4ayUx+DioO8sJwDQiTKMLpRmQKjejwEmf7+oO1XBlcQEjQ+Mly2DooFhRu3rV4ntpV7M5ih1N4lOaigiPDPp68gDodNLNEzCtKhi5k7c68uyQjkrIHpzbVaT245LOrDEhFLVznF0QBGHc8KxNxAYDBfoA0r5FO9tJB6cY0hXDNBHMdTTA5QtiCjLXIl3j9MaAVYFKQqPHhGAr2HCb22PHJs266CYELFhmgpxMffVxX6UaBmVNidg6XE9phC/K6dJId03e/xHuKge4+m0SZ7IQLNv6HqFk1YstZdQYkI/swRPp0+4+d4LGJikgWRPGMkJKiJhCK4E8DKR02H2m9YiFIxsYrJ/q5OTQoNYQzIdbM+MxRjKuuRbQ0xF1WumbMKKFXoVk3AdE+9/MW6fBIKdqFRVevBKp3kUuDjiedocNxhgJ9HbKG/CfQEJoXluYATuzfmOig08JFQIhmkNTCSsTZXT+Wncxmzd0mSbF1tBkZaKiInZJsL7LJWi3AF84xcQM8g9VLJ/mFkqanK5T3OcGUMJNk/s5RAu9ac46VldJjGxa3eazH+co1rW134e9ecSm2hiHwNGzMPzV3Z1f4Iuq3ZJPR3LJX1cjgzcZDb8u2TpV50V2f/JQpVSLSoAdHg8vC7OnLbVLsl+H9Pvwdd+17VcXWcY/U1Dvg0tRVFn0g76P3FExsvrbNaG461J0bPBXkcwAmq/bGzu/NO0kIjizjTI43Mr6SkvMdVh9nxAzyaHZSirg/3m4yofj513S44t6wvoAkOGWsD/442+dj88U4tI0jGViurOpex835osz9hj8USAkxU8ZR7vB0fSZsqin2MW+19H1XZeTabo4Wqevusu9KQepgFP4N9aW8duEK1fdq2GqmB//kXfwqf8xZ38/vRl73poEnOo5mniYw9G0SWa2oi+MctZI8c0ryIElNOcbpobaXk9frDa7VLteGtCEh2d/FqAE/L3CCr4QI9HidWGL+BmPUEYeczmENYS2osMDqZHQY2YCq1Sx0kGOD+sZljWWxhx+Nq/qsU6h++NSbI3a3DaYeG/9gPTTgIlfN3Fqo/4/w52FnlEj1zX8GdNDW+8eII8yagVGl66TDRER5NtSHb4p8X2WqQGuHgHhoJ5gTRphHdXYwco8dFa31Ht8nyYADOutgllsMHdin09xJ/o+KtlgDWjNEqPuF8WAUEIntZdqUcHNICBml3tHMTNbxNF3HubVh+5mMx4WsquaCef3rkGcK9816koQ3pnzgtIahLvQ61RUd73tpuByWC1bk68y72l/zyfdojugwF59YLwjdo7TKGgDgQJUxDu6YYioOr16TFYWThKBgfKFyY0cd/HSGyXpj1k8RqyyiRMpOuy2Ki4SKqq6wNj8sHa1W83f6s4HDHhZiDDmbBlxyQDVelPRRW8+hdUQ3CbhdhxEpMoD9CTY4wdB1XoBPcTykuBf2f/DYFnGi/8JankENrHK1cEhf76jnDoPXEmbdnE9C1iXBgBhDmGtAfDkzc8vU428ucEzNLudj1eO7YwUkkL4Q3p6yVKfhkXDtwm7+ctyfOhtmWGlChNqPbYn90JNxmEKjqTFBrNItQ4uPOmjMrcK4cdBQ8/zM5jziAkJv1CS2j40JLaRcoRdg9SnpnW+lRNrdkjIC9vvgFkhXRtSPakVJASb3IX5IRc9VEpbuR+kxjp5U+rwJ3q9TKiW6enxxrazvhRUkddKbPp+WbQM/b/Yc3RSagGOnVmVQBo9Foin4ViJwWhS6L5+ztd8J4Tg2Cd/QB52wgZgdab0uQqMrZGU5K6XFNdKyrx6ad5jb9moBLmxX2DyE4DlSPFeVrlVIYls8IRU3Yt1gQp6vgn517YhoPy0q1t+VbRLSsuBxGJdBApA331tgCik2wGZtOEksFL8Xq77oGaiNkJgvPUbcACwJKtZtzajr4dEkPcPwHigcwuVtMF1w1cF0y6xb5Zem5SXSDGbp65C48rEGTxEeiPkn73cdDmchaLmd/pKsN0anRQKORwu4tI+N66uzNnsiSJWM6PMc5RvRRrGw/1QiwXhDNJYtFi5XUQmrvBgMrIng3ljySukMKG86HdmWZm2ZcES85IajkLNGyNcaAqAVq5Eq5L+b+vm86YVQg73mAYv1ih/UyG8k/bukH3qbuctl+smtKR1YwR9ekgQMq7x+AnHy3qPD5eYxB1K2BPtCpodzdB/Ujs4rIcOeWBRVX0SZnroXe2LW7CtiMU0qumj/gqkt1phR7LetZU41FKS0FjEO/pT+cfYl17Nx5IuG9KiZS64Drj3fM9qxbQnng8AEZf9usn/J9KhdieJtjF4jikareQ37bOwanABKWCpXgGoCAcqCZcYzOq1OaNAsn5mP/K6Mw2MEJQTu4AH2ynK8O1HY92JP+kTF/jmdzdJl+RL+Kr1+QbBROOYDbDRZs9CgclTtlUEc+8S+aM+fthb6tMBGrNgP2s+djdZfictbLW1KxH7U92PPBAK6wBNRnxEbYB2XgeBVXQ3wkgSyLGjO8lTtTdW2o1Csb0r2DEW109L1LJHkq9C7AAZcl6N1aKgEwjfaZJxnj+kKKNbdPEihtiob1pNCiSTXRdGr9qXtcfbZt2Xc7ez8s5YfGtKDiktpexyvuYym9V9Pv4G+FEHBlCPO2NmsUdw2xe7lcQSbot32tFal5MOdcdB5+WiL49WmmCohgIiDX6ReTyxKIucH9sBR6RK8WTAW8T4H1+nzkUTAXcu6ba87QRbvbd9OUrwbcPb1AEOCjfslX+GVQKAoGy/1GOogWHpS2b9fPvBFFkWEvWuYHhUxjPR34HuRGWO5Da0CMh95PABGTQ3apEh40GT34NJ1G1B843c2l089NeBmYL2iQtfiehDQhFumJM8bzjvQpPnsbdq8x2UfDMOSMk6WIG7k000Zq4x+95gIMZJX2ktZZDKP7UvfCQm1JW90ovHIr2HqYQcdedxsK53tcbq0V1foprpzfYLloinyVc4wLmk0qCiaNjlCYimu0SlEzvqs7uzfQVUb7q4qV7/CaiOd2TgzJy0V+FxiI0A0GtmbXh/4+8IhKyKvAQkESfVY78b7LrGTiUsPkpza/uLWQwkQJQI+5dup3T9QyJ3BcjHCY0Sszogm8n5KeHlIZ0bga2mz1vfjetK2RGxvmO5kwPlwn/PYxclqkoX6Db76PLEjsdrIObUa1Ks9/2CZ5I4ne8vnzDH6CEuO4boUXKZQF4W3pC0YhQ28icn/C0aUBJiIuxht9jy36mXMFmVW+JzbRKO9g54vSrrKzUOnVfFnc4nLnzKbEQt8aR18brzxAZ5clQ/Plo6guq8oIkMxYOioHzdrhzv9c+DdWJshL5cTfk8SzI99biWCJp4I3myS0itDqof6pUzSzM0xw43x/ButEGlMcsk8/V9Jnnchm9mj8c2QBDORfs9VNptydBQ6NbqqR4OtyCdO1FbmptSeCoPjcXnIABkJ5+UQWy80mVp7QLhkQPMX5kpUEmYg5ckSKv0Q9/wNoknzRqASJhpj1JHux3Q7QijnSMwSNE93XL8n2+VBot07p0P6qNAsyfqhNpANmxAM67t2BU/N/Xj8kd+ZV0pNSxhU+EQ/LmZ4IhvDPAVHAvAnDfIIaMQa32FQJHNjGNukiU6rW3rAYplNEvsAYxqIAKmwS9KCrMuZRuPpXDYxSJzPCAINBVUfvOnCguCd+uUq3z7zC4bb9um10u956/lGSprk9pwpzciCLYKT8aoF5p4ZhjVZyttlgcdyom7PTXAIsns52MGvEvu+BUgPq0T7AeObuzATlNB9PbG2rbK4BdaSXfb+YUwgcnTEf0rO5e+9e+wPe0J32NKeYn9mzZ7nOJuGVWAjLyd8PcQAtKVkQUBJQR6JsplFbgq5le+ksVAUOURxHm3IARZBGbaRIQNnO0NdC39iHy5fYuOCUkIf9U1NXjIHvySXSX6VmzaAm29rZJITX4WwlcKqcj2szJguGies1f9TF29B82U8cq9aqjXVbxZV5TC5fi76ay0Ca+h2lIBLfcif5hiRkarbald6zx6zuFzrYuNamjE1S7jpKbVVb0clpL+g2N6By9vb/NoalADkaTQXnF4BgEYxdDuN8Xfx77HmN+Px5QMOJ+cvbIHFUAcOrKU2udA4gqunQIujWepOTMc8StZvspfpyJF+3zlEqeqV9g1qoqtGYZZnQIQiDjDIG+GcW/4DJK3HSN1rP0gh9+HIxeR+Jsho03DRZc8gjpCkAigPNCXFs41267K9/8Q4tcPbW0evmon7GAnvkd09CE2rI7jkC6ERNw8UMMlJtdHZkVkZKtV/chL/b2bLmPjauv73ZwvD55wk6JWI2AoOZo3DK7O/LbzEezaJyg4KD+mNj3vEVWXGbYwOIcDY7CBp3Zz93q0idMN2BKltS1nl3T6BVlMVoMBsAH1SAvAXE3yM0MoxhVM4d6MuuVdLl0sbhA3EeZOjMa1039MqYGr9sbLae6+c0pgDp3sSXgmuEg8jYfqokXwZ7uoWGgJ63NzMNDp4d5+QZlqGY5UilX/QlSSQj5lx8ns9ukG4yOEgXwqMQKSdUbBoUhoSwoDaI8GSy8kzbgj+WxKAI7i5dJmeGIDh/NKnymJdaZIUxjPKznYuBkSdRHzWVLx6Voza1l2DKOfCv3t4npAPWOyPbqFxklZRYPdTjrF7IgYzXKVNsxPw0x1U3o4eQBNJez+6wS7/omT1vDTsDYqcXHphhcvBNPWOGm8EacuS5c2Z2kPogmnO+kv8QSwSzFGrbX0lup3guYm9hacEtr6eIp27qg8JSY5whqipOWOYHWksQnqIRs8ak7KJ2B/ZCw5+Ee1zaMAL8rkDcrg2zZBjXsoojplnUZp5DySR0avSJstDDDVfhWdeioBSATKfQlAe1bivevVR4VVk1AtaybTK7T7G3yQ/oPNWNkYa1PbD0eFgT7DAWV2RYQ4VOZ7sY2GEiJRcJ+bhMYI95GPK2Zv7NfpJ7EZlJUpC8EEUO6N/aCT5H2OcD5V4q47uQ42gQj3OpAUZYTMrCEzuA5LBlRqNrd1vlEPIOz3GJl28kOC506CK7A9N9WEpVDYOIn7GgYG/WTe18/zbidEtmFh5IJ31DgaxgIQ+hGcEEHvvmxSjGdSTlorOojI517JEFUg2aZsQtzOSQxorcT7uLsGpqQv7qS1vPAkaOx78q8SexNKexg33q/RUueTYna6tJkSRiIFuYZOFygDoOHVztdLagp/efqvmvHKjldGyHb3bC1pzg+TP1dZgYDGIOaME66FExsFE2DNYn+pQKkP2TOjDt2AXARsyKLPIuowmHCj+yAIxJIM0FmXRjNJM6BkZj8CztvW6zFM9VnCRjS5lbeRVcnUijSDFr0NNyRWfkzHIqoIAHUPpMjYLBvbuPD6N/bB2NIJTBEqhC5ljChxmEzz5JRDNGq0v/AGwhStXMEJsc23xYv8QHi3i1breI49FX7QFiBDC4DA/9ueLoTxkc4USZW17w1gGBv1oTumF+6Rqp6urOc5IjagS1esJdXwQW7uzzbfOi7Hoqd5KCGVefIH9VMFaxbDPV33/ForTaUCmpotMBtMmw2h1n+ZJZhbDjcpC/yU1B2OJZoiDz8l7TSJOuDxM/4GU7AX0KhMnQT9OsKLkUf9w+lekCeGqtw3fDGOgAne9FOcSHjS1jjuQC1RkTQKEYVYlJj3zDoPfVAVjCDJz52f+tLK80JW9q/L10tR8P9NtryUwaAASVor760kwy6mXP19sPm3H/2cwzKRFRUiwBLOUpFoEzyX5u1sw7SPruYWLJQrtF+OlkQD/z7EwRlgBQQv4WB+pUYPCZ9gtxXtS7gAhKpO2cwAfOivforLzK1iy+9mGZVOJ+3mVURmvQvL45P6gJm95ca/otgqYIhVL4EjrV1JihdZWLm29nKo0CLU9aza5vGYqkW2ZmSVFZ7VapybToY+P6mnFxJVozmJ3SQDIL5Lwiri1sI5uNeheXx7ZSZxERJutZ9YDY7oHjbkXJMfoBfW1FZx+oaTv4GyfmSn/ix++Qlnww44/gdk73w919gUvb2hm//peZ9goYUjBtN+WKpL2otsoiz+tbEVBbOZjzwpGGVp7N9d462V2fKoUDhulrj0o4fSLU2BYw4gLJZ/pZ8tA1PcVh09a/a5E9JzZ3/al2dKU3kMcJuax5BMovWbk/ZY2z9LxOczZ4qLJ9Jf11PjwmDoeJP6Bs/PGrIasXfLbFruuGHapxhx0L9rzj1JKSSOgHO6LQ7a7eF4+ssb86muo2Bt3UK2WsIAAgfG3/IyxVcYAWfClftX2yhGbSbYtJndTUgoB+six+x9HYbGhHcdZhOBJJc9g0wOLnHn9DbpwNxP53rJBzC1uMqrKNHJDimLnKXwkE0RMAGD2OLDJiEHsTN1IFyKUZWMb2eDmtVitMGKL9loA/3p3E65zcPOv51fBTQmeL4UX0+T+KrliFN59Rww6G/CMJq2s7KRie7JpasbYXZ5AT4+MOmR64q+JrD2iBhHTgCJofwzZbkkqQmRr0mlNVMFc8jXfB5IYweDtJX7w/8+lXLYqocya3zg1pV1nySadQS2WoJ0dPMvn3Ycx3uwKLCwmotJupHLC3Ku+FJW+UePG0S6UOP0Tzv+xToRNtdqDwpDVMRUTV4VZXN0zxhatZTQlGWX3O4cmzFAHXLlmsVkVEaQUsXewbK+nB0UQT3eh+VBTjsQ97DLPrsrCtsaHJspGGWj9T9eMuA7inNntuY5QALHRjSfTnU1nB+gp4Q/OkxpUMdPgPXuEEcASetf662krvH9Lw6aarDjoWXZ8buxvZ0nCKbhiHNBxCQ89Oxbp8hS7EOyTpVAALEcmaA3dUPY6R642qWUZDKfNfgornEvOdtZDGJqCbcI17XVN0JuB9BTYprnQhZ235awiOFEE/iTIjwVNO5lX31/zKmTqnPL2GRPUzGQZMpZ99+y0DTrwHvpuvcxsCBb5+hbTEXACEuY5xe6s55AzHImUVhKQEMn35CMccA0gN70zttQS73v8bTiVXTMsLxkp5kPDteZi97ac3bf5AyigpTdRjl7piBcEZlcDknXxyD3RNBF/yZFC+GDHltDLjjhv6CI2SvDyKDcSfh+7BdM+HC3rXY0+0iYl5brYMS/GN1B2sZVrQ3tZKsLkgO+zgZ6JRYLJL0Ka/H5CI6Qi1g82AUzgMzCr+KsxrcPWEEsQ7JcSpUnjNolmlJxY+ZdbtK6kQEA3MV78K2NyYjBRnyP+uMzCNRjqeuEOKKX3wqNURyUJ6mKsKM8e8q49dITJDNHV6y7q/Z4E8yQzxxDHiTGNJpEY0JxdFmL9RqJdfC7Ud+g+JVbxJY3DAQWoXK6cHVZ8LiI72oKngBFAgpyb3fkFicU7hEhjsPaDddC/AHB4XC50HFhS0f4jOXAqBr3c+adlxWKqWzHswPsuXiOF76eaTmbwJ9IWQmMniGkAHpc2M/GqywwCfRhZ5QX8QRVa1OUb7rE79lDRom6+YmKnC7U/Exc1iMAgIeZRBCmg8oMpOZApMmKSE2cwBexGzQD7akIAABlAs3E9WoLbBfCFOo+ZIfI5NkKQ3E9glEI4DTns59JTAwMINEJ2ikGLaRQVlEYSDj1MfCggPoO3isIgT+fcUBrkf4LcyKOIAd8eSpWSvkBp1gyAL1AcK4ANGJPUYqr0eyW1NccOqwpbcmCRo6jgxAZkIa6B/qRyOQPx3IyN+GF4vIwJNvt4vAvnxT6XWTv12aHX2q2DjLCMBC/KhKMIUwXZ+Z7GmsQLkAIAMcCAq7d0QLWK9OJhp5N8+7PUr258PIWcDNEJgjogsOeilsIQsVZP8tSW1ZMhmN2lCzDrHAUgCW1jPcyYIAXqDC/Kn+EPwmOAVTBVAHcKXI/wtsxAPtD95h2WYDCmYF4BwsiwR53YnhCAVZ0RfwPfM4wtkxxSFAJ+W15c8kVeU9preIFcRy4VQTYyaTysBLpa641rjIWAFAGc52AwK6ZowemmOoKiNtgRPkMMQifhAuDMiOALphmsAHwKMR0r2Z1AYx1oES3CPyWnJhVo+W8l716TxWLQSh9JvPxtQDDogDuFsRClnYZuzAzk9VUf1Fn5RJ+PAJv86iKeEVjmsC1nGFI/xvoPc9bwAHeXh8fZtMgQ54SyGKLH2u/AnmsAiUBK8ks5qaGLrT2ooPAA7zfkidebDA5oSpb8GQEolAxv7wkII4uJX77zZ4nU54+wMeTdQETe2G7BMrjgpnuT0MIOHL/e6Sq22VAC/HJOsxbndeMr4AlZYgAk7TjpZARKRQ+dFORW98M6QUPueINyloxBFreS3c7NqfJmcclayrKnygBCPwLtOldkMLKPAqAgsBbdenUsiomplaBsT++ZGQg7p7AM8GUNgQnsXlTCMQCWQX4MgnkGHtzGBqj5AIgO2fgjNb1HSw56KZTJwGZIgT6cmoWmwcEFmBwxVkCSFGhe2aTMgQ4mMokp9SqPhptwNoBVYrEyG0U71KBahkqY+XxN0GAK9h+R2+OqUmt3A54geQRAAGcAGaEIhamTPqICD3mpooi2lINZFAn05FqLIXf0AWYFrzAOoDRF4atKH1bMV7S46XDjpbUBUvM/BFpBUUvfRurjHQwwax3FWHgCSb2gLx4WMU7oKdaIsja/pnTERtGKRrTx1A3AQR1nvsu1AHaQBe99bZq6aA4Zm7vKOKTfqQhQPXfqv5rTrSImmFDkGGzdEibAEXBBl64mzrf9vhVSdLMJRLD0RMNs/rtEjb4bko2mjaeTn4IwHhXTGA7nwhNgTzzqhATbg/I7vXxqx9GeY5CVF4A1uO5gBTLuVxuTweMUySooUmNe4odAMgiqyoUAmwS80HKAw2AvVUKt+kFYA1J//IRitVE0BCKgbKqjuMXQfDhAPH2y17iP0zLNndqvG8LFowOmzahhrOTrX7E5TRzMTcUQRi2dDiWKTh7gCJzmK/Jh1WNz3z7We8zaR/3tMGZzw/6Z8XSHhwcPmFzb0Cb724Dfi5IyoiN0sfU7hHUXN71OFKrAZryYLxBpyBwGTCRbNDyswHr2/FwI3sXXfZGyhs8oFoEfYzurG2ELmA0rR0BplT8bIXxEFvNgsci72eoXjMbVHrptPXEtZT+xgQYioEPakchuToB9rk9yp1sxLnLwVI0m7u7WS/ku9XIpEKTAj9z06XFBIxn8J/1GtP6QEOPM7U3ghz6JqD9MPw4q3yDKp7zfMgiRQqSJTC4R0ygjmPsA975F9qNRZOb8JZ3YUU0YrCT3PQQPMUcUzr9dJxs7xrXQI2UE6u50UYbWU5ay6lIt92RgtOAywFxZCDYuBSrzfvKMSb0oyxxjs/f1jGTirQC109a76kP8mxhuqQsGwGX+hxvClVG+HAOx2QInNxVHChciOSnAPBFxHURK+ynMex4DJcKgT6eafpk/V2lsuegjbE2a4/DGA8EuAMqAodoz1YmrCvaASZyac7OisUXvrTxcSGjTypdCmA518KG/mbfWM6i/RQVYx34qiGNfEZicjH8bWapTr5ANhC7yOw9KnXXZ8Y2gMeCmBYn0MxquAQIKwtwA1MoJzJBuv8r7g/MOsuEzgYv5l4LGdMAUfkA0OMzLY7PzI7GSlxLQkuQjVjHF1cpIj0bn653dQlJBu5M1/YsPYmRzcQ5WFeyAy+/UB6d7NWdN4unP+0FAJTUJhheUg5LQPNpBDqAtXrYxDrQWB711y236bCTK7ls22i899QuRZbBZzqEk8QIml8oJ7/9LlY023+YL+yq95f9dVhXtA1p84XFbR6n61QQmdd0NxKHyAMZioHoMLSws63WYkLL1exy4Auf4CCSYvJkgkEX0v5oOFocwWi8TBiA6RB+FzEsq5WIUFdFAs4HbbiZKRyHLrPi/b9oKkfvGNIZfwRWrN4NkMB7pj3LM0t/0swl7HbxLjNTen+LwheztPhVmoSJbcFQqLzcJy+QvQNrSerfZBOoYaGoQIiLvjx0qQnIBHyMo9KmnkRgID0MuAFUjFuiG2UHVgPq+Fx+naTC44HBHFsgE96qea9XwIYkkwocgvKMPgEoCn3IR+8gQMyuciyCDddthpR4IxgvEnRb4bshI4WR71QpEG4MR1/+gFyCgHK9D1GwrsmXSCtS3N4DhMz2F/+DnDuDo+FQXHISelSCcXtMxVJsaTbcNJq92Rv3+jk63lHIphY4K1lRYilmENzVTl2z0hGfoEApZUliThlxElW7ZeUjujMuktt4ns+DG/Og2EkwwOOxyQRQKUAvJag5xRP/HAmfuTwL2SrWSUhP2/lzsNRWTUNfkKpFj0nYDFTJDbKMhorcexzS8Bn7jQts1Lb4YEZ7Q60wAyiQiGMM1mc/4OSQrw6ebCYORgeACMGA0o4f51s5n8td2Tv2OAnDiNAvsUoDLrsg+BaC8dFk56NQbZBvZA9hRA2CkL7/18Zlz5CRts25swE5XU3R7975c3DWyAiv+G8U0w8iRDy7Za2jDRH/Yxt90LZKlEPREIovNATH5oSZJcSuXsfjyeLnrHhRHAWuKgk4cPV5Ms7Aj9E3hXVtESo+F+m2cFd15r8iySHWv3n9+w0u/YnXO3Ff4An67V09A9qHsDwEqfw+IIuXGYRA9kOhue4eQkJkiLuPZ/sw0MVor2ZsFeaFrxI0Dv6NPM3lzCj969EYDjljcjDyES/6iOakjs1FEXE66TS7Zc4LrSzMeOIiIRwuLxPG7Uqw13QSJwd6JwIej2fd3UyiAUhwaLBY5+tPEGZwhUUn/LIeHukO2a+vGWAGAJBPhUkTA/RXwg+LfeA0v8Y325NdURgWLvtpX1/ey6hP1wt4wAlrv6McsSRRLcFTO3G70nqS84gJMehJNOeiB2QsNxofuJEiixqOwAWhLIpvYDGcSQ0F8kfykHCsFNXWXp2x/3a4HWi2yBnqCC6QnJ0q1eTB+9kp9GWrPY7VqJQnUnEGG9t6d18SAwiipCPZGdstpZCFbMC7R8PTQBA+T8QS+QFMmPoXSkoQVvFfpSMbLAHJ3Vqwij+mRt5sTJJvW0pp5p9F9KOkwcWBn7Dzuv3/Tqrcn5NBvt3h4vq8n9ZyAvGSrjLSI5BIOCw9JB6/aBeZc1X/bnoBbTjnH80QsgwrQtnU/yaCILkDr1Z1fZONfYDsH8Cb1b3gBqNB1zyzGaf7Ih56noKS3iGtTo1yJoJkt9l4R3g2Y3uTZNivf6/gn9tdrCdiJQBw1mIWf0W2J66dqUyyh3gpqJ/YZYGJyNN4yOOriFL76OM4sSQxRYYIW9CLtNh9JLRWHLlwDr41ebIFDnU1vnvSdytnbhJHzFiu6pTNQprTawbzUZiLW8wf4v1QBjCsjaog1TdhEiAqRDFB0+jMy0X1uS+2ohBcnCOpbcgFK74QCrLlkPsapzAVGAcprcjKhgJpbEz2ohd7n98cgJjl1KX01wJONcHZ9tjvbAYJHCOcigJgIgU+GCPSZn6yuA13rw5JRKsxOt960hjDn4D0paJbckksO0rZQKttTT4lttdBlGC9+N0tJ+bsxJzOJiDjs41DbSX5Hiay7hJn8fSymNl3RSNcG+uLIfbn85wZaaR9E82gMwxzITaGoTNJI4P3s1T0J+RSYsrTf7XadUFVvDAmx32/yb0FouTp2tAycEzgaNRvMaxHlWljwZZ4A+YVr7gbn7052BoJiYFgc0JGs/u0O2u+WimWRTnIKjGGxC79Av3QQEaI9LvpqZsGyMQEkJTAs8UJB69nfkNRU+q2g2bdjqzRl5vU0flctYPHlCqMLZemwWyQCg7RBd++a1yyrUJq4upA4qAPYQZoOT0m0OAgAuVuQm386qWXgSHCIjqDFVmp9t0U94M7ez4duQ0G2yMcGH7GZhSwkKqyPBQzvOFOsuAab3JpFCSC7rBu14x7Tw8+VlzeQMwGnLvRUtoVh/B/XRBDkq1DG6VGv3QjIJP3alALwv1l01t/EQ52NUmnyQKlZAnAknIdykm4ZN4uw8fADMQRxOyMwyK1KB8KE3JfDzZZnnsJ82xFBCkhe3df0kvRyOknO673eY9eUc14rr2Y08QKF0g41lY2m67NBXUFKkrjIMqAdPogOVtfnVTNAFlIeDYeq6ipGmj4biGXuJ9O9Vi8XQ28Qa/La8pnhccrEIejkheK/kPvPijSD4j1P4TWutigGxGCCzsJl70BTh/2tH3tLflY9lBviomwOqGpV7ER2lludNoa2TMz3GJpMDP6Fk8rC53Li4bCrhVhYtPk2SuouRynl7yRezuHolaypjOQyoBikvLI7uIcVx019wcMkFIurcmH0Hzo5qzZvdNKVUQ8YcO6LNK6mq87+dySBgTHjTxS4mumXRK2N0vyPImE754osgKZdQh8RmfYSZXqkzqyIO0/Oo8tSnAlNl/BqcWpR7xGQAWWXZyG6ZJ/Jg+JMV4q94FE6U4D39Q6IZVkokxGNiatBqfpp5M4ejc2zWYjd0ATJk56p6MkUA4+GEuj9et1axExyqD++t4eh6eIfkm/jZuoKJekn01osxNYQvZ+E9CB4gEmBRAd+CI5AXi8jHEpiq96UDzulEQNHSoyOL5a/M6DLpmbJoIIPhOCUnWGhK3XzqPXfEot8qUrBBhi2YIdmVGro06Uq9J3XtxMoEZhWsov5AUiyNoIhiQHY0tvGKoOqQx1rKBu9D+SXms2xBmsaixBzuQIKBLN4PFq2U9YWlqHY4L9IGl3gkYZmu6+0KFciMy514JvHSYJ/65So1oozXzsPAOcNpj6s4jCHO7sZiXkMpK8KCrTBmREkIDjlVsAbJdzqmVa/TSSDTs3VT2FezZ0eK4tf7aY8sQ0WqidTz80c7P3sfcO97r+30FGPw8CI1mQaDDK8nOnSGp2TQ1Rs12Q0FPUpdG7k2qq8gx0dkqBWNQiRHHpQw+IIC/gix39tolS8USf5K2slNMjkHYPPqW8YlA9zTnmmZ52GvhNqLvaKlgg5itbktWpdkMlST5qEFgqskwbsU0QYUnXuQfKgq8tjoAVdPcOQOGzXWRDbzCElewLRF88fk+rL6umJ3cPBdvh2bS8OirDJU5zn12aCey7XSUpPaOo4vJzBKCYNfcf/JgclwnhdsURX/467AgKncJDIlvvZ4YjpcUKtqxjMzBnS6eQTYkSCtuwFOe7fgdKnX81uBYfxcUHBuEmnuK4w9BWg4owX1DqZ89AuVmdHVLjl7lQRlXglNXa7ByIbe/YVwDQXGzw0GhL4H0AqM+HxIl29JK4GyD2+7QZGPOrZMuh8r5YWOROHUHAanmKlsI4Lrd1nrEAPklpUKxYVCtKatl7e1w8I0G665khi/O/nDcA5n31zNK5ELWeziDGdE5xxmbzxYF0ptUK91VU8OIpV041oGL1JEjuX+Fng++UTnVgDSnPP12HClgPQVZ8zZiFYfZ5JhqvYEM4r20ww5WGvi+vKKrtJgs9NtapaGw7BhEyC8xiGXxLNjlY7VQmsBYIB5Ygclez8SmvoqV/mBzNrME62gHdVUKH2mtmIfaYJzVY5PFR7MwurZAyvQ2afhmPBFreVf1oHkvUttQX6FsuxLp/VZxpIYbHyzRJ6LqUpSWixF9E6DJpkYkIyOn3zuy3K9X8qIRmhmN9uoXW9Scq8eAtHmc1mgSfaJecPebaqSKs0eHizuCcl/awIp78wlZ2WYcS2TbOP/c+CVB/2GcPn6IGmVuhZ4ILcwHX0KaKUTQuZO3HosTBgu3dNjo17oqBlJ6VZjinNY7uqAOjjFfw3kQX6q0ciNAcd1vK2WCx9GiPdEpnYyMxOe/gvf/2l/sBQ5Fz2TbvLNIDLZwA5cSRPKtHglFkiWU7sGjpFb3YEdFZ6pMCyjeN4PIzy2dWuQrb3h3tWgdU0Ig9QxUQpPnshDIILNIEQ4gFJ6CO3azRJjDLOmwxL3BCr2J37no4II9s5QQsHww7xnEDFfdMNS4DfKqqyvcdCA9lyh3U1QkYNmi22WIy9ZFTZjjfwRs2gNx6COGjYEG5SoFKzw0l7GrFm0zMP75S7t0c5n9LEySOPC0dxL2wCKMOjSqazJkO8uZhqutD6kRcvD9xpbJrcwKnznZzBPYKQVr5BcgrtLhqeAjySu6AZgG3hb7D8IiJ5f4Y7E7h0uyMB3655H++Z9d4NerbMkQRoMJn8MtD7lwRu3DMVpWBmZY6t8FexRwGOqu+Se2NAqmz6G08eW3DryEYy8nVtCs0Mgcvkkkp2kxi4gE9SabiXtZkzwVM/n2izZk4L5MkSGNRPuti6lFIbNdwWaZ3TgfbnbGUs/Gd2cCE1MOvPV0sl4axEqOguFXwtxeVdx5bfPHcklkKKJJ9AUrCOgM3+9oOkkesz11yj2xqV3siZ7rrKDUIgTzkY797IsFD0TQTCBUG8EO0t9CT5RCoQLeW6zHHy7Is0As1wVkUvPmT1TJiI6MoVoYDoaKmkfCNNSXXvJv7XLdhrPAojLY3geGd9vugMZjiMk8yYvvY7Ziwar9NFkZmPtqnHzZNwgDwxUYKcqcCkHETaQDGq3w+C3yKFZdPca6n5stEv5IywViBASVPdjD5/D0rcPqlH/zt/Zf6PZcyn2fxiyp1ruWVUPKnOxkqM0PV/HcnOCTn+ZPIRkfgrVefbbyFy99kZMwyLWrmKKV4AXWH90qL418PO910do/drB0thYlsLJDmLQHxN8gYPJdGg4b3E2B5Wy17t4S976vg//Jl1dHKE8gSLlfrjcpBptfPaK3o4mmjEeBAiHHeQ/UbdekrVz3iX4TYWEhLuxCh745apccBSYvNMiPy8Dkk089VHLoMgr8qeaK2G3zDWgTDIstJoAT3IcFEjoW9k9wwCCzjIiu63RW7KEDr0BJZVz6Gys2vWxP/gWAr0qSwj1wf8EJGm79dumjxw2ye4SYYjUOlv1ucLb69EEck+6DuUDj8P6dT1ASrB5WjxRuy8qvO8WIyukA1jOHkPxSAdgCurILiGUD5guN+dnX5bIX060rjYYqJjwhdc0bT32wbDXfKpyXNj7XBOYFU8tKFgkPoLWo7eBPr9fp/1qNKJ70wOXvfU7+uQ+NcuRZEynxGxkzRNiuzV+TbkfQ0vN+4HDZ54xRM4NcplalK6yH5FJ1BnsluXqsaTyqFo1WQ2fwcvhC2y/uh/qxGPVMHUpWLSMWT3gaNJLt4pDl+I9Q41W2IVoz/FUymwqWsGOmcsfVL2kdIsLdjWjO15QnnmuNw2VNEn+yQKDyEC0DmkTZc7IgSwsZVaK4lP+M1riWkwiTJjmslUmzSM9afB6DaH4cX1nFP30MHSGDGg8J3qrjMMnEFV5u0CDKZMJL6UHlKrlIadwtDe7Qvy6lJbQ3Wd2wp+kEDU2EiVJcLXxIEPMLkCWoVl/Swc41IVoenan91bXXaSCcYWjsF0TfdswjoVX11ZKxz1SyAYYtLKsnrGgqYWRBg0vo3I1iOTtARSeyvwukZqlWTefHYE7O3n7w6HU2o6DThH46qX0pQlApHDft74RG612q1iyapKVj8LkenC72zN3YD8W+6JJ+V4mOObwQFSf1N8qKc9kLC9QnzzlBYmBxGSLrhpZYr4ZvQ//gWE6FEnXMmZFTnOWso/+6ZfiLW1sUw8i1L3x9sF2tYVh659DX5LqqaxsKB7fsFCMfhxsURSBVA7W+5t6mw6XcWAkgHmvrF267w6LY83GOFH1RqfKOjJrLbhwBWyNmCP2Oa94TcKwT7DA+vgkiWF4FXDAILWouJiOJWfIXNAAfvSo5NIAygB99JdVnjn0jTFijT7oGaD1mXxk2U1v0fbrzNBeProGKdqgMFWhDyNN02Cr6yWH4HxUzokD4GuCWFnsOLlkm5vTDG3sOYLIQbRNWheonbndYElmCM9XnvEO/6NAgPdjCZcpheWDa6gjC6QhUoVelgbwGrZRBfgMsqzY+qNuwoTMRF44PbSHxZw51BG5PQWa+QYW9Ji4yGdMjC7nXSSI+HDyj37GvkAR6FLfF2cR5zvo0IR5B7bML+FhMlmw/cZqR7/2dM0X87LMNnvhi9WeEyFurA28m1QfZM3T8CplXErwU7a0aioxG2JQKFh7K7VCUylv5YhCg+DBRKjkHF4ufGot/xYXRYWGPpJjtJ7YXIREhAV/TcM1JipKPoTjZSbEoMcVqqGwrxHZbKILN6TLoIyJR/qDkyjlVsg3Xdd9NyN/7rKWoOK4s5pgnkWBmRAGCe6/IG0GnrWFO6aceEJZETPm+WzsDc6oOwCyU4h8ji86ujOhee6bimVGW61FUZ9QLJSNPyG/5c5LRKq2hFewijKvNgmHH3ifuCj3UT4PqxLU66FkQfgzr8rGg+0RyFDvxrQS9hKnRJUWTA88mGgHoYEjoxW1dANHNbBbugH/yTcNaG8ozpfV9X6EvhSg/Q7Wz9/ng21WLPhihMygXBDNW3+7MrGgN1hz3NaGpvt6IOCJmgGsIWf8Nj+S5s9WpZdGndndeLny3bpw3IXPrjKJSM7dN8dVzLddQ+SXOR79X/7oa1PQEWsu4nYQDxEguLOcWAARPXsUKnzM4/8caWpVatPf59aRs4djwjGpHX3QuPowI8MHzlEVksY2gcGtzG/C48uLMPa64f8xKndoeNTN3FI6N/oxXsAOd4JRG+VS4sNmfNRWYuhrRAN+NVG2RjeADPr519vUG1xuHD1OAEQX5aNsKkvqp3cT3CeOaoZ7m9Q5uieV9Gcv4iYF5SbwiwG5FemgJgp+sJ9heGAPk+InJ9DsEw1t/973aBbtkNBKkRBYzG0lKSUTxga6HoyzoA7qq+dT2h4oL35pf/dder0UyahbBaw9BZu0TT8vQGkh/Qrv5Nk0U0XPczbfCKuCwQ6yc1tGsVBQcvWGYBn9CWNe7ZB4bT95QsBe3c2hKYh1QTy1vdvuHkKlPjA6MlDTjjPiA1KaS26NfOlzMRsqiY8tC+bgIkEH8L0IBSJnCL8JQufL6JibvsN/43kXs7TfbL6shoqsxl3vSDjiSGWttU31YlIuDhoS8PXBezc4q9MaI7RrKqgeHpAwFVoWBxS/KOaJPGpe/+o4oCvc3FFj7I81MxbGsB225w4z9Yr6TIQUaTcI3ynPGFtNLCnWGr2FQIGynFV3ZpUOVvW4hvin34l6wDsvHM/8kOzFVffwIqhdu2sh4ucBVcbXSr0YkCVx3p+ySDQuLlSw6JhYzaWhTCXcxsfdxQHzFGE/TiK9qH7DQGYBvovH7NwdFjnSwqXOBXhuADLiVH2fd/WCvVC1/2+NFYNoTWr73daN2cNKUfie9Xn3e735Q2I960u4bmC1dhWrB004kVx2DnIOxJiLsJOsU53vqSLbg84LU4LrxK6blkg8yxpyVNg4xXJS58+LRwlNH6yA/6dNpgEMYjJKapFGANhziixOozkVj2/jrd2GrX1OM4t0bwdDG0f1B3HB/DDMiobUVmghHZ4qnW6OM4iys2xuAzhzIWNmY44Fuf6zPq7MvwJykJweAqoyYU0kRVLF1aqeyAFuamUGhotuHOlLV6EMeyCUofpIkCUJfGsiwICVgHoqHdGJI3xjVJ/cng8QJyxhSYI3IUXI8AqjjErII3rLv/qJOZ+nAf7SwzIsMDW+bP0U0756TZICtZocuO4QI064fX4Iyx/GMLvJtsGxyhAbJqL9onShYE11klShKOq0NJV5ze4Elfys1vAG2/h2iotLISylPo6Dk7Jvv+2n8p364B0NVkrUw56ecH9BY+cpGHVLGhPfaFQU5RZzyNVnbTdYNkyJ09i+4b2Xt+wtl02Srjpr8/YqGULi7NpJ4WiUu2I30C6DEYq/0tId58HMfXSgmNr2RNa7tlObUfBSGvFPOZOVbCHAhO5nLGSyE+QDq3alpq4aMT3WP1SNAN9B26yJAnQ8xSq5scE3bvfSRVUhEG5GLPHRM1RHNHVmRQFIF1BHdwS3c7AihWj3wmhMB8NkQgSnDIeUVsNbbhsUJNF2gYmSCCG/6yfL3mLveRPuIVBNfP5EnTLye53BhGr78mH08/f4yr8OmvurT6RexS1pzb8eqnBm4D9rDJKh5cCO6Mk1uhtuKq2cMBRYAtElloorSFecS8JenyRPZharFOh0Cr1QehFs/vH6py1/li+1hd/1rHF1OUT3d47UUDainu1mDlYoZlQwz9pFVD3P2VZtd1VSrIFDQEUHQxOi9WhmyueMCkjnlHS0jynRqGdbORFeXzby2ME5N0B00WDDNeerc+hTsLu+LR98xuOuloEzfEeykRbUbffIg/JUTpFeZehA7WDDay3fLiMvMib85ZwY6S+XVcP5X/oe1Y/LA/liA8PsvpQQE6HFA07SOpFWsLR7x+VFr6pmi/7mfhwol+YW+lfrbkE9hKQVE1IEjerGwBMZGzik64J/Vj3QBlIiDjvvHM2vYU4Q51eXdEiR6RRJLRDiSMakJlnZ5qXy1u+i2E2fp6/Y3GXWAGhIxITaT/n8lX78yBzaRAIDDuWs9SOTavPMLHtnCF1OtDUux2ibBk8UIhz6j71bRXKFFspWNcAIm3IXgOlixSP3M2Rrai2ouXRV0653/EMjM3kq2SJV4sU90Q2NRORVkmlEZRW+Zwz9NnY6NKkdGys6p2P1ZONy2PfLNv6aJYd43jfu2N9a0/ZbDN2vfF4LlGIYCRal/QdwrGsQ9A/4y1SvL/9IfqnFWaMGymCa1jpkdBUFsoMoBuNsEm2JFHNOWYfCXIgMe1oWQ7O8Qf6jTELGMmHt+fvR9oHLdPkUsegiSgiScm5vKOBQHNsPoV+vsRVSRc10ZmBXVdgZpiIp2s0RfaL9T2CoHO5r/nzDe+xwmSa5vO7juAZHGC0wsO9eBk2hQL95GFrkLTlwSVp3sKQyUAdkmKglyychgqAyWdYXiIsPG7CQiuucRIQ6/ioz+J9rVVJoeCsMJ8eJNofJhb/cP5MEhrO0JUO8E9HQITKvLb/CK3KXEbBgH6Ms5RBSTgtJ+yP7xbB9rCz3Qi3Y2odbisrA6ukWoFlI+7Y4LduSibM5aNDkc+E8QiLdRy3dyHrmjnvHBgRErxL9qORbCwDBxsCqKld/V4EccABGTDZl2JENLemQ/gaVJPAPLqVusanTiT8DRZscD4wMfGwrHrfSWTqje5vrGz7vz2aLk/+OY8MCBivJdXGY90SjCy09ijofursE+pu5L71l0drGgqXIFzVSrLhbgdPfOQLIi/0VUUHjZ3lGFI0gw9CI083fiCmce3a+8ProPXdxDKMcsc2aDS3MKYiy0nFMtkJvlfq44MbvfrLsr3IFEf1IZDzn9n4LFhbJHtsm3qQJ3CdKIqBvpYULCiocxSeSUStNWgRUGi1gq2SjajlVCkRJE/gcx8eJDWTgdR546Y9MG8lbOhnTgYYpwdAqVfR9g6ydHHbZpIKRSpiW2y1bUb/kXFrLAZlxOrQTt1jU6cSfCe3Sh3gcx8kGSaNiqNqOJ4gkMc08dhkrijzUzgxo9HvbuOeCyXjD3DOc1vbDv4fidhqutp2FjQE6SXOhzHJoC2glTt1JLaWQnWHBELwiSfS8P0fGh+jV1beKcZ0MO7glpAUmuhNQNhBbP2c1rJB15Fst+ymRxAoh7A0Qv/31yQGD/wCwLJaTdw5ZAB2ertqNWRAckOjqD7Sw3Iz1u173EZRn+Wu1a6jDGoTkwZT+YxUH5/ozdAfmtPbDdhyy5ebcshjTMFF3D7D50zraWhjcapqDEz9UD1h4q+Osh33OvmCwbL9yFhKlX2H1/xaaU/WLbeyI9SxUuC9r0aUKM1oP3XcRs0JmjdQT0JnO3Ki5J7Ncu1d1G7NQkOkq8W+ir41KGDDxAOpgXVRtf917e7xjaysK1grtLA8B0cUZ+EpFaB7jXoKcdgnqS8DhFmghHydSs68EEhAz0wjtjfgy4CqStdSA2MCx5AWnLdny/qggXvn8nj6BdssD15q8IKAs1MtkJxYaOTpKeUpcTsGnUHduwYTC4vmMXBfgCBM29lmVj0ZFyYzyIsLD1ndXU0SSxV4pE4t9/H7hAs8JpTxY/Uhfu2mCvTQBowVZoHFMbwqAZYlDIWPmm4x339usjDEMhrAT+lMEEu++ltd8E3JWwU3c+us6A8OQpBADmZh6OOV+Fff26wJolfYEs2f5E1JQCQZoXTOPKCzIVfsGgMSEoODkdgmCym6diBKkRuzVt/uOAbF0A9c0c944QmbmYA4sNtZZt3ego8DAn/Z1SLsvNQqqM9VfhqK+MAbMVLSS2las1dPWeHaTolLA3qV2y7AHUvX1bHxXUe/9Pki0ycTmTLIeBtkZLXOi6624ap1oj16LVPC4bEqZUn+hpWMwN3G9fepfwRyTt95pYGy0BHrWLMAKXtWmNVeekSNKnQFwvsiQibILx/2NAm0otql07Q6Cs0VMx67En9jfuBH7kDHGj4ODNBjPlfMB43FgDqcbclDvg+DKtHiMVuXDd2YnTNp0jTocU8hpdcrh6sZo+Jx60lBjgt34ip6AD7ato//IiNtxNpl+WW05OAn1w2JgMtxL0CbDxJzHgkNWUfJECjk6v0UFqGpPKvu+6HdpNTVjqlTtR32T8LS/DYPDmkwRQ2DBvsaIQjuicflS9HFFfSemR4V/RHuh0Mi9+Mpe6WA15EhCaKYx/Rdw5e+BgvFBeKC/COp/vDE2L/LU4heL6S2/PNFYB70jgiRuE2kX0g19AkQ4qGXCWpzLhFZN1iC39Hj7VpQPMqFwFqU8EfF7K6Pp0c1IC6LSxmSfilx1T4bIuxhLouteY2gATbxpyOzy3ySUPJYQle2Qk02bWvHaXTxdf96b9EXnGa2zdJg8yUCpWSpG6RxF9EFSjTYUfPmRg2VmlK1dBKITwI9y7qs9nf7px6yN9GkCHBRY9RZmF39Nx9ynzaZXzTGogW1jAP+XV2BUm7Q+XQ6cyFnOOPGCssH4cT5vs0858rw8b9LlJ+neOmv33XIAjF52TB1DHRCL4/5krBpBQ9gdWDDg7dvxspxUmpFPqBL0SPBqlOCdZ7ks0ORoNd8cncqrARkrLDcl9qBsxUR1Hv0L+7yZAgVN+8ZyipKmUoXHzAtaPwwz9j1Lo5R4S8rjJoFj7PJUKK2RTc/PGzIQQfywRsDZaA2mCapz7tHL5sj512BO6dmPNvFB4Gsv9RyQs236wg3/04GGOeVHeqka+0QvHAP7VSknLZ7TP80r5Ea2Nak6ti45fZ9HNvcRhGfHYZCDFhgkLI3Eg3eZz80zWJusFreN8qrEJ+UoH7mEa4I/ZqxIw/Yi1870DoTqykUzsjYhsTfGB+XJc6Ypz27fR9fqdp8pRvPTKO0mPXUWRiPsPBOlsG1OUpSy1I2pqmiqhFY9WDGcsdM2fyinA347SabCYXtwx7iOECdgl27QJtBVGgyKzKZbHqJKNwJg6BMI8haTFn9f7aCNMFMweSKEPUwHSQZP+7mOiPcvYuW0wb5lfqTUkTCV6q58IbKJlnl+hI/bJvD+aTvLXrp6Ty1WV05YdMt4cR0Fz3MS6H9VNg9I6S8cqgTp1HJRq9MazSETArg+ua2sJVG2l60Y/5LBr1bpp6pV6Qy0oogco/n6bU8bt7pcxqoTdoK9u99A5OcZO5cLJEZTnTcNbJa6xNaI9dCXF8KcStlulnrdLPXF3Lc2oTvJokpNE/gmoAF5g6wMSneO6eYQQYDhNB9f0olCi+RiqI+g02hjYduv/GCu42gi7GbJyqgX8s2i2apUHHjS38nixs1w3YCCzouE4X1Yu5Rv72xwEpW1mZwqsnwcwKTf0BFThAWaF2LvkQ4PSHG6LQMxrxPmE99A+wtwFdMsyWPHOsE9O9kh5gQK/3g5P5G4xKm1OZeAbnSpH3JufTd2Mri1MJcguwsnPzdVyzzjq49hQfFhquxUe0pROWUjEsLir6WsWkQqh0YmYyIZu8EDwEiPwLwPF6vJkoppWrsTIoqjkC47uQhwvvOppArrt7KFORGhtW9KP+ZwiEWQoISuvgJKRDatb7fG/fPOwh+UKG4RU6w2A37208+fMjq7dQOxE8KzRKhxhBtRpxT+eQWK7r1biE8o46SMfRgRgsSpcrnlky0hxO8NsaG3c6BAyDwJ3DkoppQ/BaAB+lnjuOWNQSGZAkMjCr9ucqeBRZLJy27IbYh5nXkP6gLGEAzALvE7jRHQhcovMvSP/T9PqwV36ypzDOQHdcUCfJdTi5hSUL/8W0z5sl3gF/Z0faZ8teAVq3dcBVp2WLRFB1FsOrRhNiHCAdhXE66ztudhID0TZ0a57gNOWNXGpB6XQvYLj3whXN3FizHPmbmHmpZZvSfS4OnpM9H6NCdaozwEsPxXKE2QneWX0qfdyV/CurkJugVu6jYC6LiPDSYAUz01qLiI1HGtf+YWgTeU42ocTZ+F3IJUqbM06orzqUULFXI9dCN7lForkdYsMI2HLgrr9VKE7g5fEQVuSr0WWa/xP4P2A/0kLR40v2/deT5TECUaMCFJiaBoOmpSq+Nore9F3QgAj/qQQM2hZHl80IbkdIvNgapcUNfuDAqPJVqIkDO8f4g+QQmYnzrvLQ/hYnzrsUhfZZpwsdeXeWNQgMLuQwFq87N3H0jrgSgdRX1km2Odq8tdatI+oZtkqGZJG97pY0L5JJe5bU162roSX8DT7BQKL7rKf9R3xVZ3ECGWhG4w858ubxYRYAgBwaUFdDbO9UA+UbbM1dqlf/PIqYm43OLRKCOej+37biDk1g3pnbEnNYE9FIpMsr5wqkfB6chIg0690INXMqO/sN01dWXOvEVcYG/FO+hWN4SQlm0mfA56eyZ0LRGdHwr9wfsvDioUils2iLZUHAXeTERAa9WvfnmOS/NWrN4kGLLQLyCxVSf8iG2KdgdoElMIAqlUtKj7rEiaV7cPrCC06ynziEOhsUludYK3twt9lMjz6x4jb3O39BWoBloleqTjlwsHtT78xab+7fewbnkYdyUwTU/ZN7auVu+uxvp9QDWLoQXeT/K6ZXUBxzltkbTbxI40ouwbAoAwjrYI1Nb/CcwD/qI1CzwrvfLozIWB/EV5ohIgZK9iu8tEzeAJc+WtufyOfD9dei0hYMQUFnG0+TKaMVll+BsW/enHXPGMXnZTaekDvt/yr2IO2H62KuzlTqsyfTmXqbrWoWA/pxqW93IyM6ohy0I39kLlp1wjJoRl37yVtlaxKugfMSIwvkYYiFWGwTx3YqZ+j9Sai9wymEKW+yRPpF8BFdtaJBqVYbtzLoXH6BuRvbEMhjZBAh8dRGkIG2nd5RkMOVviufk0+zuyxrTmgxMHxkXTbMZ/O75o42Anaj9kXMV5WAOlnfrPe5BP/DQYz6wY34sYq0cNjX+gjJtcSIGDgmmOcIcYzmN3BNYg6UPLU1gfPiYfnsXDL0TZa68W0LIiWH5nhr4csuKgBkrbL1X9xoHCYMrbEL3E1FIuL8jqiHY3BvDR0YDXfWvamXKsicz9Tcqwv5cQ2rOuK6VtYpBdHLlyOGz04LbSm5GExn3Lg5c4GjG/KFwQ2yghsN5TqQEYmalimahhoEGKz0HH8Vu1TKYbRU2TkGNOJSkqEG9VUvRc2uWxmmCOE2cEv+3T4ckYbGCW/1RRsn0NH1B3sO2rRuus0LguvVQh+R+bXBh9ga00fKTwx8vZAg1wsPVig58cSFkjOctVB59s9A/PS8LPetdDS9SLzssjY6xX+QURUJNLx98fnuCPgcw5jFOm2YfZOTjAX0P7mFVOvtGQQDSteRGmKwIMCYM0eS+KT9FPQd6cXTB1urcBHaxTH5SJhPpELO7aKhGvMRx3Bq5AnSirq1qG0YXCOgnvEsv/MFNlNjaXmslgfJYY0ovZ6/TP2NQClpFW9FXB+2ArmWZT1XpuqB6ZjDl9sHE8c9QjLqp7tX0g19EetbUcWO9W4V3fgGulxeGdUcRnriYhnrDRC6WNAeTmP6gn0rQexLhOdo+mEdBM/hvrIBsSgJiQMRUA6ax1PhxwGbiOH9d7TDDP+n1picQ/1qE3b3yHQiBJgEoOLqmU4uPzX09XBCG/JoY15PKVXVsEokV8O7t40c727RCw3ibEyAzTo3bYjOi/wAJbRQQtuNJqiBTC6Ufwhq7Qc5PvOUrkVCCSTjdT1LoDkAQvdlBlp1o9w25kjPwZ5eMEL0PBrKOYR+HEOrQV69q6RwXkrhbWZEVPMYWF+KjafOraQV/zKuk5BprmE5kn+D0WWwDrRSZCQEvvzvIl3SxT3D7dtSIXAWJFAOMCiCW7TMLegUz9P33voedLnHEcqTzr96pJXeDqsdPpup20lU38CKWfZIO5eLySRqD2+d8siEjYaMzNF8k2eKt1q0WGbEIU9/7QPvkkykc6om4IuS+93LcWB8YSWhYmEhv8crfXYckG3u8OCtAI5sCniS9IAhj7RFU0EMJk/qJR8GqF/vExmMzulhHkYCbtL1UavDEcLnJ0re7uBNBMG5lU7m8XyrWMaCvPNIPDTJa0Z55/r4LLz0r9+Ug19GBBgQ6IaycNmKUYL2yNBEpPUr5C6FqAlAb1si1v6UI3xFpF1+tyn+rImhhrsdogFLJpK6w0SoFJT3jDZTgJLgyaDUIcke3ND5/ANE7tJM8NgbfpnehFIQDhXHgSvVWPTbkaIBFTmhitovY3YZelg1utYfV7HwbsD6h8KFH0TcK4YLhLgIAar6AVNAsm/dszgfaSBImhHZMDdfsLbBConxxWBcTchddKGUs+1NmmREoCPwCNHSXYvSM9H1Vs6eLquzYFyaFLbaqW9lQyrMPSFck9B9c2ZyWbovcC5+U+wzS9ATamIgyo8+76LTFQqANRG8IFB0EKGjEl9y15yRGMJiG8ubBXWEcMRztTfLpora3CO16ZiY2e/ozzYaBBzSSbq0q1bxcBCcw8KPapU6HoHrziMfAHAukGx09v3FDG+ats59wl0zN9G1boIGa4yR/Y1RuHzrUWzOEEeW2I6K74+oRSV2Qq8KtWnZjZHZK4qmB1XXuBz/xfSuwZF+KvYhf/ls5XTkN/trKYUQRs0nwMxyQMxzoSp8m4Q8tpYq2ITq8Lkkfy3P+ERfnd5QNpGvoZBKzvKPZBpUz2y0OcuVndzlvPuE8TdWpIAsvlEKB0enN7xXUaopkItpe6NAVPFYcG/VY4561xsLD1nfN3cVgYpJ9DnPdD6uOm0094AbX46Ffiq0LCoVGTqVmcPBa4dOFZIC+Vo7vWDSJrt25SKc6kKPjb5jXO1R+ha0PbUb7kAB1CqdCZeEHARN8DOfNXX7IHg5sl0Q8QQtrCVH7SPDFvCL0QXvs/VVQBXEY0hU7k4j2USO1JvIhqq27JCJkersRvwZ3or6eA4Czi9FrIABm61ylluMUA9OemeGoZ5guiF5rIWnKbcQ2zegpGivUIF/Csd6mc+FUn7Gj65k1/wmsdra4V5X8jmG2a0N2HDIvWo8ew/+UiHveiaTKQT+4Llt8VbWrNUr1jqh0EyyWVzcNx2dRE2qhzW4k3z2wQ3aBCMNwqdwDPhVbnjx3hKIsfMkcYt1GZEsVOZmpeYXQLCUcRZ+mQu9IohjF1l6mgblUK7pSXSykf6uXwjAA8kJuzA6S2P7opFbXMlPt9lczjWDSZ9SqsLzsYfIR8vnRU2ePaP2rb2qtD6XfI+p0a2wX0/OE/lXb6HgSVYw+7BMH/238tJiYHWRTI4mGQigUdu5Ztza99pUc1qnpO0ty895BznSEcqGJJG4dlHDe2i9iX3oKPlwiig+mLvP+jitOl9P384UW6SF1VTGKH9GMB0BhbIpikI7w65/tdIwqcWoxXA7V3A6Vfz9IzS9EsZVW+CijrXwRzNjnsywtaldYOTQMoaVgMCsUqG4P5r7C1EmkFljXbh7sRZMs7dn7YseLkoChPdu99NmDFMhRnTi925rY/YECgb6Jw3F9xC3G8xDtxH9qTwmNvIMPA94zXmnqZbcm3C8HKFpO4viSfNUlwwMffMVGpFjKo/Msbawh5LBadPfRyw7OxbqDb+CeDaHwIpga0o7YEeWDKdtZ3QdaBAzcAlqGoV/IAj1i7wrAoHnhB1tyz5VsqFXCnVQGhFgHqNxCJ7t3aK29PMNJguZMSCvb8YNgTPhEtreNFSjwJY0RC76P+hO4FNr2OwZaUS12D2zt1RST6+D0S+yJ+TuLlSpQuIBP8gk7z2tKH+/B+wMP7DB6ULaZeAhWnIWg2Ff7vmWnsq+YOg3Mjlri+VA2fbROzwBC/VnWo+zKvYTa0WYACbTIq3Ho4lpqwFamZwzJ492xxhezdKUdj2fUb6dv9TpHhmFStY+VEzD1KWsiItizflh/exjs+RTx7D1r4iC5R+Thyo153kJTv384LPxOIi8B97y80bOpcmvBFP/J6VVnkEdKRJ2B8vXgJRZIcMLtw1AV0x3bqGNg1TVQutYtpXuXdXMBmvQ1iuijm9elTdDaTN599vaoFw1a/Cw/GAy8o9K959H+S0+TDzsv1LltlYFLY9f74GiebQe2R3EXXMHuOTTLbzqsMsuuzpmVhQ/UfVKd7WJHE0RqrmNnxWMiIcomyh6ulSb6EBnUj96s3OK12I+jBYfrjex1BjAsbVxs6DMQRNykeFIahcFMb6SQPbvUIcImg27x1bmqU4GejPGSrsE7sJaYq3OL0sXgk7JVJkrf3vEJPAQiwvyP23sQo2EGi4FWPt3UJ7fjr62AKw/ioDNRPLg265VVngkU+hifySMc8nauc3mMo9HtmFP/8H/ofqE5OdMXbmDhNc/FKWH2YsHRpjRwPu6LK6yof57yCXwdF7sDynbWkjjkAi52lR3FQfYFy4hPPgPifOWeGqFdOxwWZsDI3dTnGHUXnLvNGaL23YGwHAJdXKbeglOid1/RCPsbmrq6VITiovYR7OOvtFgsqzvbej4zpszJ/AmPX3nX//9gojKEZkRuqTZKHkbe8dhXfzQaDAtb7KbxNmMkkON66mb6ch9FOXfmWdUDbufDPJCkDXaCtJZ3cNFdGv8AI+tCBzB4RAQhT1iOYHxHLQRjgs3umQVLg6ZeJRiRKohidbdVeM8hP8/mc6Nk07/57RlMXCgg2Q5TVES4FAQXZFnRhZRWTpQk+fxrnIDhrO5soTj13VhTZtwrs+okzB6aaLj4ojhfXJVXenb17HkUSF43lPwL7jktFLUSEMLIGKOnDTd2/1XmqqXrbmwErVyHUcfZ8cdcJRUgx67sB6v2EYJMGN2//ebgotAnl37vmX2MFCZqUNk0Yc9PpLTVJYocVw4SWfnV+ggtHhBwh7VyJIzTJ9z5Z8TSsz7XYZ5cGxYbot4tnpUsOOAGqqV1CM5VY5nFh1LHgieE/LXn7x2q+EMncLgV1hm1CD0XJ8kambd7RLjz21TBLn2vn6zfm9QKvXQxaocryTtLSaLiq3d5pjlwarkzo0VEd657HRLX6Z9lc1Aj4GEQJBDNFts0Y3YJiHQKVeVK10KehKrlRJYe7kC+L2QrS7zIGXl2qEZWeaPAQayEQ+sNMZTPJ3+ptOih7jGrTfk3o9R/0jyIZ9YeFzJHT9VkP74QHgOZEquqHHabGqsngvg/wUw4oQOdqJ5h2r1+lXcGkx828w1mE4dZzDcp2pKqMvXijV1Tw4zKaCU8xXGzfQ7Y28TUkfSsr5PT/FcbJN1n/AdnOy5jsTjOAhQvHWp6CaVZjONgnoRjW/yseYBEdlAwnoWxbQtzxeAD16w/a2Pdl+6F4bbdr+bObPvaqa4KQQ/GLPfiX3pIYLI48e99SDJJnHRCHHmkI3+FMLQFy9zFWSJeCKZIzI0UTby5whhQlsBZ8prUfe2g3xl5szWvhzkjjlaiS23xzWbTy33H7AHKLEOBZ1yLO84arUEekOOaZswF7Fksuci4fR1iYncbBOsU/gti+vrQHjPkWqFkz1VACAtpUtQ01+dWgIIqovmWy/qjDtIGx77RACmIob6Op1rdSVSmTo0qh4n6qve/ElnFQ7HQ93Zo2oNkNYU83+0BZJrZIKQiLGMYL4LJIGniVAqKWbW7znM86GLgfiKCU8LZm0rV8n1aEFgzvQrN0jAK2bLUllOYljjkmCeDJ+jikeTnUvYYRB+MVKl+eJepNlAItFnkRSigIjRxIdoFNmySaJuqhlfrX/jHs+BbJwap/fZkFJiizGF3OcOfdUu/qhElxtbNzJiA2P4L8tXecqfadIjQ12vMR5+VPthb5nxNWSEHJM0ts0po/N0IP2wVmcrPDcl7k9seC57xLbq52IN50LRgpE5xtdeABKK3QuuaU3ZEjM4eoaqKS0st91z422QZF5zcYuWN/+/EAFPUrhWVzJ9sonW06ZKiKaQZENg3QdCXZtBYqPAd32pbu2fox/+Hun5Nowsm32F0oT30YHvSoxBzd2GnaqwDJ2l3hpsybsz/xkgE0ECcjNBPMeFYIANWDPMAaSyWvVPjqBCP7Okzf+522ENvQuJst5m8x7qxlt9nJovTyL8b0q/9WoJNc224a37wwjdA/v9LiCjxphIfVhV5+Vro4rUNpBpo1w/aAwCljUqNo9woQGgadvksjvN80ybcF2ROSb56rO58rTWl9aW7sEbhoiSseamzBTRkzQFinhJvPIz7ObrwIidoz620Bj3+wzIfJCFrHqaXfFxmrkz/021pkV9lqKZYLroy7ExZH5uol2JqIRiqWFxkc1Zy/1wOUDQ3epfcYN0U+crnYnKirQwzUd4NBWs6ezPST5A9v9w/Vkreaxn0qE1GjwB6MMdx6OD1WqoBnADQLpCjsNhqXucuT65TmNiUtlIxGuP5x3uQ/9XJj75+XyYQse4/XbyNG1IwqA2M2cNxrRFgHoFwjHd2TF31j7fY1hfIbJ6PTiDZ5U6qO9KbnmfstUvN9Rg18aNaVyp7RTAwf/OfXE99oooG94LXYTlld/C6PTIiPEWnT999m6rYUgYKva58Awixy+YEO5b+mGvwkR8MaTJkHQ1Gs0n8Ufhsbf9feN/arWm0cr2lTt3QKTQG+EAcXOPGj2tajXVCG4TITt4z3a65QAarZ1rXPyw4PJf4xWNP6oh2nCJ5nvCpLomfKqoZx35VZMf7+oFQ39/qVkDNHQprmymySo23SRaPSDKuA2gQTIUYfJfKb4uFChCvmNr1/99oXPhK1h6a8U4H+teUEQ+Q4001N0/8crKl0yuo8fPxXi/27zmtToZO/vDKsMAVhIQtHIiRlOg9W71hwaubaOJt4CDbDwRxFTuqK0AZKGr3vvcm99HVwXZsLzoR1aZR0V0yBYjoOaM9PSs43W4UFk97/0lMxD3m/ttlwIaLUdMGWrsDLntiFZz8F9Vrcsx+Vqvo3ds1m25SVM4Li8Wh6mDK5lcbg1IyY3OQSdnhoFyV+GVqKwfg0nxYzrmGaJKIEattqcfJS6k4nj6/CSG2+9/OdlPz/5AW9D6kmzg+8MUxjEi53QJxCTNni+0tsRQDHjPS3C184ni/OXatBmn6s+G2M2Gw+vyQsuhLu7NL4KIkLmU4IlMgfSroSvPbpBa9hjue2tT1y/7RtSinD48tURwjShJLV3ab4vTlIgO7zLZzMVdxvpm7YdTZZxlChBh68+QalMgeXMN0vMd8fHL79Dwhp45O3sIR/1NLgbgfQwd8X4DTXWSxQqPwx3qN8wWKB315trDiLwX/+4faxAXoBq5kVXmPSLmzfPDzlkwMNlxLQOa1XTqKGkrtoEUT5sm8N7OSaFFGBbF1S0R+s2HUp/p+r/Hbly5tSA74y1uZmh4ojGrtFarJBWdBz6IRiNYOyZyn2Ny2PiK9igxXQ81J+jfrKeY+T0L/Hw8ngglMX4OoT8VoAHbU+NUyCpuoeoLqalvh2E+QfewUDQcShgRXAczskNJCb6he7JENqdx+AazbiIwbwyNJ884s2O51hWkgY8BQoA7VF9e8KYarmVU1UggwcTBcKomPzKt12x/OhQ3GMjsQTY/kWkZ+dSyxtas6bTCwmAMYfo2EIB1vbZfdAh4ihFwX398CXuIlcVlFD6h5As+11zTpt4wr7piJWkdcjH1uDqkmlWNbuwoDD6h6CflYy3cFv8Sz+MkxviMzSNyYKwnvH9UhcLJ7926MiU/4SKs0/VcBK0gBAYjJbC0oxWRrSVUyQB6KK39luJV+yWSrEbzy8wz8YV1y6Itb9KJvXoA+Dy4eTpt1sIdLOhtfzMMryIQDd1NPMwYEvuYjCf4dRcvrVuolfqCzGm5N5l7qgk08XGPePxYSaU5mklM/MdTH8ybiiKnxPG9d/tmzlGoi2UCs92hnlJrP0bOr5bSEjxNPxrxzFoRLU6fhQxtEvxWxfeZi353k7xWfLlEcoetx/Njzbhzb4CI4+La0l4t+hQCmSjwl0BUb0OqUphyokUqi41SUmUtW9mgODm+hGpkCYfAq/sFcKw88KdvPf38xjxPvssbfYVNXuUQMtu4r31s9ZZQcpizCn0g1Ga7v4xyrgUzX4MABo/XhbraepSUPIlWsA5BUtMUZfIKVU/58PWlwshhAIhFrdBqsjQjNECt6AwdHUXcf8roQfJ6RYgqG2/bovEKz2Ry8kdPy2KdNl1tsX4m5j2tENmLWvjEoudI+UNZF/6H4d0ZwZVqTwvYISHU2/0ZZT3yzhCnlxCJcaVc6ycJ2YuNHFQDe0SHarH9bBXIid10UIG8rTZRQxYrNQb2ZuuDRWd68Jnlzmkc8B/AAifRh1u3lTMLPrpFnZT8DLkEY925ka1c+ScT4a1MeAVaa98mpvhqitd9lsUB8swpQvlhCiChyQXOg+cqGOed4NyAAodrOr7h8TwAyok62RVBiWQGG7iRP1E1WCqw3Mo2YVmn/ezGOSbNXKw9rrA5zAwp9IrayxoQJSFa+L3ext+g8scqBZ8oCZ7HT3X3hJSZJ/25jCSsDJGcGAHeuP4Fao0AYd2XH1N6evHAuvpiBqXlgc/BTDM9KT3APwm7x+ZdmnEE0JztlR2bSjdwB3LWHJs2+n1UM5ks2z531fXtiRzCVnmhLVGxWEm8eqnVRCxYT2uhACu/y91w2UlgyrMgGZ9CmpCPW/YA0w9xb8bXYIxti4P7R8dKwhJqzaCVlVNBenwW3LNVPKYk9z2a8FMPwnc603Ne0QLQvVB4yTVtVyQyG9l3qDOA5iTPgJJm4Dotnj9ayg5oP8wxpIctrkflsvr8p2IHmdjWe5woIbqzrvMgZmueDosJF3L3mZswVqKTC8GDJoXGVIduiLQ3xnLfImwnSoxXuiAV8P6pzZj8EclHUngBKKejNnazRs5epuYqi6yTMEbIvsWSNYCH7F9cpeCRqfNxX03ftMYwDlFZXQSONKaXv2SIj5/wFzY5es2XkAq1AM1tz3hoHYn/tBqv4b01PJ/k4GbJGV/UiEK3Ij+pKjGvAfxFrjOSKywVev51yGa71K5hem+n5fgEDku9CRG5QmCU1uLbNUpthzTe2XngtwAF6WmyZYgENOuDGBbJuQMu6782TI2JFZVR+LO+XHIHKshLNzWhdRYxET4SdyaPwg3to3aXD/jKsUqxvhtGkTJgoRXSfz8uXY3COGn26tGAlDAra+D/4hr9apUqU0dByqdXnAAoJjYAge6PTb6G+JP3N3+srlfRpt0LoQ4DxtuDYU8bRQq244m5HXA812XRiEpRrFZPaRp3Q1ARlUeP6KXjMAPrSOGz23qAjyN1wg/+ADcyVDp4O13aMPnDkogkIibxfyyN3nyOTViQV7yGkpv5RP67HEc0RO608KM+RtvWkAfTTa/jgxgP8J4RSLCIoXcOTsVq7/nn+PWTAr7tZQ1yazT47QRAKEeOoQIab0AFvJ3iT22XmMCpOMx+Pf9GpzK7Cg5pEO8JqB/CWbu2fQoQK0ZoKJ4Kr6gZGoVxllENwfY+z8gYfZfRnO0eVuYb4laQIAOm76a86ODQ4qoI0Pen9dxpP00j9byaIBrkgK+4ATFLuG4EPFxMWzgRrR4dKvzW8fnfmAcA85kOi1pJqYK8Px33yJJ2i6bWG6tYLd8kr2ZrQoFsu4uEyh+o1Epd/Hd/uVGizp4PEet2UaCM9evFXS0I11HEyjpp/INMwQTCfTLPzAy4u6ql3J1aQ5FP63TCosQAt4b8XMYF6oaCTerp6WZLRV5t1jYhnLhIrKnB3lPnlwgsQbklO4c6x0L5d+x5e1R5ZmKVF+FLHXMbW17mdR/+tAYh8JJmpl/dQnrZWG0d4r8V6bnAGw2e2dFWQLfuCGCj1So1P6n1jJaTAe+qMiKuBgM1eyh72jKR31whEwU+C9BrF67GsxF1i8ucQHKb8JQop7751ybxzdYBWq6m0mDWeql1lnFtpEKhwNmGTdN2dU7+fYSiuq2skksJquHv9C6/OZZWhFj0NzFT4v8XhM68vJhQaFsaQfRtUQBQE0vG0wwNQbijCX72tMoCSB+LxkXcQqHDsJcbfY24owxhe4EuaIgQmX/68VHyOrROH9Wxt2C4o8d8W6BJTAIymO6QIn2LvMLm+E3Qc02mw73yboWEQOkbeYJWJjMnamBdVf0CdpgJ6UCg1X/M9InJd+GXHX5+Yz5hh0us7ryLUk+mmTqDelIhA+YGYoTk7GGhUi/AmRKsVTr2sAsz57lWasyB4lOB+Tzy/D+hgGCz9JOEb8i0ttM04zDRBfP+YQ5BpUh8QDU/KqI6j92Ptf9Zs3fGmQQ74iMYZkUVtGWRh54UPV9V6yfqPke8LCxMsH0rAwASIzJx7rWTj1Yg2f8641hBzbxOjp6i3nxcXde1WSXvdOn9evasW9+i01cbHi52vZT6sISf/BC9tdzdkrSiaOA2VEjrguA6kfzOZNXLQf1AZWPz4XQT5Dv3daSevKFIGIeVSJuzvT0qvapJ6k5qCBpFAFRwMDvXOPp6tRbT4oXIHkYDhgL3g1HRCALaI0cYJkM2GCbQUyKuqEJnYhNejRrQIvUGvM+/cwtFEhCkhq8GdvPsaX/riEd/5z98PZeWOd2M95VsAuyx6e4gyIRk9B5Mqx20s+iKiEqqPhGmG6UiusvvwqR6aM6Zo1AKlqWxxAAFhWFYWOc6Uy6FpxXQZc1iFm7SyuhHn5MDW44TkDNZX/pkuIrVNHbCWfcylcYbMNuo0Ho3IC1fA/8HHEvEkmcKm9Gqv6nwbasuc8AuBYq/3h7UfAgl34KBJy9s+nnff4gpVJ65zsH1vgg4QggEFFCjQ6bMWMNcGmaCQ755xEToZ9Db4lGU4eCRxg3tYf2FyAxD63We1mojGztSJ3iGWUoLXgV/SAkEBnoqjScSccZS/WnVRM3J6ySD3jJvO50ydZeiH+3Fw8YR9zuptl3X2w5OR/u+tddPC0wD10A6JgWrZs/RgHwQxGN8z7lxEbugveE8Zug+EI+x8F+Zyl7mX6llpFKRrxZ7QHKEbOvDHXsosNIX3PUPsBlawy44cgvggJFpmR2QiSpXp3IK6CLa+MA7IHEUlzZ8zkrNPzcqhchI4hXpKclZjnCdSMClc4WCG8QLZ4gQ3kIl3h/1gzIAf+TLGkZYewuLAO/t10tjpTx0haTJiBhCRJ2rMIq/Uun5UmX3MZ3JQzbyT1Lq/t38ffzvRiS/bg/YQ5Sle1sDRpCIKciXKa7E800fHTGfIjPAaQRwqOtFik5IPYDYdUFAMO6Qk187ivXS6uyFfwPgJf5WqA1xX5rWtNrwe4kElXqveo63ZHjTXwn40W1/zluA1MO04N7BV+u4Se/ro6bUO/iMlonxEVOBdC3iXQppfswEka3QsNobo8sHJ2DgdAjaLmfLowdpT8uPtWorAb444St1X8fowhn/pUtkUN7enSl5zSNtncyDjC+CkyJ0P50FQFJDABSz34OojWcmujD0fyemQdpupjZ9aW1epyqF2j0QstOONRJWk9mqlBpDAxpjnb7WEPByVmBEEcAu54D6yQhB8Wk49YJGHGFM1imlq5QpgMTnDiSx8BL8n6bn9BzXlfN7fhSltkfnD2f4084lioZgjFSaMA9zUZqUph3Kek8coiBTcSemFbGZc89yjN32moWpd5OMWj9SlDgcl/UqAcOykA6VRcH7tnvab0v8m93Z9TwZsDc7Nm+zBkO9oX+rVJHFGF50ykj0ioE6CkyTTKW2Q3XS1HAo0wS2uKM8gfSWdPLZ+XAapQATAeYYf+hTE79GBoOAjwoOS4PqTgvXYSvEN+vCdzpBFWCX224jjkDwQvSsgLwioAwfh6tsFr1nkAT9PNepgJ8APLvdKD2xp557+IpQNQkutXE9vfVFQDx3w016m39NN9s0ZaQujkE3QkE0RdioKxMGgO5YcUQ+KBxmnMdp2Wyg2D8uRwHb/QJQwRbegflAnkzDAYyra9bcrf1KFEF4FH7jbPqi3gilDo8NEVKDgL5oErwv8xbZQ3l8H+3gi2qEvdVsxq8cyY6tAm8XmTgRunYyIlKkDwCgHXv1qPfWOOLwjkY7Ii1IMh1wYtEbm8W5Os7tP0LPhkBSmOIQtV0QOklri6EyC9sHeQGKSZNi66AZS6BzvkhIG4Fbhd1zCDTypVup/1AEqlWPLHwVzP87qpGb/hV7CozObgLOwqaWCP8UTJNbvScUsUinPWtVPqY+rXt603NGbJ6nQ89fCelsJlnyhHUFbm5JPAMG7J3bG6NCZ/XHjZn5vVPUgKBFmSxqM4c1d4hS1M6+IIaycg9DY8wkwvjmlKeGwh2A6+B+ABckFyfzUEwAChvBPI9U2MGQEVWtO/AE97W1ACZV0bk8Wgas1abhr0Xs00FxclxEELE1QPNzE9279m0QZPWAADaAN5yAJJbpz11JU6WkCwGcxGPbVPtCeT3d+gWZwsFPZR8r43MvuJG/8oxdXjPHAGtVwKAVcakwVy2i9pwgQwJ9JstCradwH55T8ngNPTyGjixlNRBqTRck4DCMFOBSVlbqQAiiuH0o5TQNy4D896KEHfNDAdM56pedICbAcQvG8xeyvKlXG+wJhAAQfieIm86Say0B+AFkAGwVUK0HHqc69sRGfbfywIwk7GaNXw10AqBpnPx9wN332yFkYILFIAdIFXcP4djEw0JBb8MLJawg58vEwFX6QAFlfewbo9wZj29c99E+TFT/MF09H+CvbJ0P8XkYPggDWN7+jG3uxwK5AKsNYXLtpUUo0sMdo+71SmK73EWqoy5Jta8Q0Ppd6b+NZtqKcfz8Ixddlqh1Uq5vB6H5AhGePs16m0APh9vB+a2+LPuQH80XnVWtVL6kV8xSEe4AjqlzqaHdtopmk7TtocKKL/eTlGfPbE6pgChz6QN4kR6jJDRDDA0QokhqdHKkVv9iLZMWNMgAM1qS8CM6ogAOBP4GsCoGT1oCzCsbJzSSaCmXDka8p0TfBnBpDvTzqsDX/rYiqKFuJYAKAAozL2iDzI5e/MDwlYio1EBUx0yQ33QA8zlB0xpyA/R3fBCVYAGSvj0CeAACbBpsAn0o0ROJBsDEuXDqQcAPAQAqtQZCxTMp9C46UAEWyYqGHeI4IPF4eGZHLszRkPM+i1dho2ApAJf3F9iIwG6lG8w8ZMV9aE7Wwd0MOeQNoAvIHi6HzhkltMyCK4ARS7zCDkE6p5wwGczKdO+vRuTlEb2zroARumzZ/o7vABQCSzhYXtoBPB5lEtglQHkKCFdA3BFJQVQGfqrmrmRRRgy0AGCUgTCcC3166CkgboV5bCzbBfw4CMScAUoFZExnQ1z+PX76nWDeSFiSWAGEAOAA8hVrU5G0Dx+ivvGEPrFohdKMFO0UNPiMSMMmMUAjkgava4NkYtBBw6eYIsbmN9fqLHhQTEswjfwCOgOQwftlTRnWwVQQQH1TBYCsTxPoBXsjg08mY4q6M++gbgdMtCbvhLVdHKbgMdEqEkFLZIWyQt2EaBUWag6Bg/t7tyxZl3jFWXmkziAoMh5nR3zwf4b1kb7ExBw44uqEdcF+rpT6kUNpOp4SEP/DEYonY1iZ4IYm45Vx3Eywg7rLk4++TAiqcH5UySjMq7ES8fTSARGAgDpaq8I4BRJZS7FzflySlehNKFgJh9MNWAS1KT1X2UJ0a85CttRoCJiIFmQBFD9tRr/5b5shE/BHxyQeMXpKDuc7iyQNMzYVHANCcMjP9chiMPoDg9vU9kbdE5BeZbIMkY9m4QM/ncohpiKR6uWgBPM8aFPlPrS1Hto2/4KiUYH9Ii3d4flntw94biFrwRoNHbhIEH5DIyMyxKqqEn8slPFQutXLAq31/Bwx/wDIWcD4j7SCqVC6cPMx+79zISLGh7CEdrOniLn88Rcw+k6vExeIfkFxOrvOseZ7sFqrj3AHgWmVtGMJIPrsCTMTw6IHw0T74QBukBO//nUHy+HwA8geDowRIGwjCb2HUgrEGacTUsJVVJZRh4S5o+dgAL29qIg0DXUaPpnbTNUhJ3VCpM4jhOAnigHLsM0umWYBlAH1b/eqCuDhyqv700h0iAIRXu+/IwNwEn+AMyr4I3KsEHafgtkCdlVTp9UAjD3ozdjwDiu4UuMIdeG4sME2A3+32+TJw5GagZ4/b5v8FoWveNDXlXss2OT0irx3h0+XqC3htmHpIUoeiABAPh9f+dvT+skONj5kWrwChOw/G+CXyXTA3p8/bqEMl8f/ehpAXa9rDz3LQ4y9D0AFU+QSMXWhC5j/vpsIFOzSkSHhyMJ+N48tBr6kEbYlxVGlEUxKNlYe40IDp9I5F2BwUIfopghLmQkMBLuh7scRyvtV8UOMlUp8C/q+HL0EGvoI6GLjs9UmhLRjNhlLWSAVSMaDX0Maml4eI1t0Vh47i/L+9EOURdCzhMAnosTIPEH2HmMhSAFjLiAoJlmFJlN6fBAJQAkbTgG2xpOAApLmQkWNDPvlkjBr5qY6ApGigDiHj2gngBapz8kZC5NIt28e9aJ7mISjGmz05M7OGB7f6IWa55ob00sRrxVRxmzhZI8ufOSy1oPauw50KDRq6wQSNxvf+UJub3yA+j6dOKezDmJlqwfvwPMQX/hBuzA2ZcMCgSrSSIBvvvZ6UdM/MIbncN+PgSJJNriaZ3oH4t2pwwK9U2HDBB9yOzFJsT/oR69bhezS2hMFFHkIQEgIboL5DVdhdbGhncaiPZl4y4xceBLM6FxPZBKbiaPEKOX1btBHN45XgHBsm77yyUSvofA6grQGcjJ2fYPBwHEft/e5uGqlsKCuc6IzK3IrA8dx3Qj5nzzTE1LoRuMwFjOqSFkYDipcE8G3r5nJ37ylYVx7OJCCP1iUYotgffJ1uPw5UgFO4QHeCRwmgNPHOpJYZB2T/xtHHtZKEgSPavMYkrIP0DTyl7hkHtsjFBQySm8MAWQKhAPbqrYcqFLH8I5QNwsXQgZGTrQWV0AuJfsXf6GbiqDDCv0kx6wMOJIgUI3GQ/dyf+FJc0x5pZtYEJFeR3ZufiCB5oA0D4ZJxl/Mf2BryEFlAoGwCS3olP8pqlDKrAVTa+Ktks17g1CztsUhsk0EzZ1ITOlUXheFZmeuxSYuHP6R58dg5LiBEEoHiVmImiU/OJGAds4JzzHahcbESObhQf8VfFua53zVUqz/y6kMNHnCM4P9mKMUqaG7MjuemXt6UcZcfFiu9mQTgsURn6hPQwglXPDE+HAE9xWiAGeZeu+AbhQDQpTAQAEQLYy3dVW5E8otGgd20CM4qz8nuOk4wUi7vQ7yAS58C8sFvi8E2uLdPOwETlRSoQfFpMbWgfQtJtekbUt2xyduM/bNUsrjfEyYQ1whnE7heFQ/NIyADBG0x5uoIj2gGymkway/72sKiwMfWZBpZy6iMa0bKEXRPTwrSUk30rKTqzcPoDKj3iqgWhrmZQNqJrHDxYsE/87D6t5r35CtIw+7lphX/ZKsd7ElGlurp2WyFMVmyY7sB+AxQTRE4Kc+GoHC/rpECl3ZJ4v+EYXAqD1Jx2nau9OeDiQ5AJdHsgX1eA8mv/NXgCfiTuLoQvndg55dq8PDntb5sTTWdMyyFjxqKEjNC4N9O/llddplFVgkzTbaZSDGxES92aOwb8YGPk68JKeGKLfRPI8wpymN05iOfCMzGCZeMOEwIa+gCfda4hBK/Pj1pr4jp1sXaoFegp7OBnljVucQUB2JT/1vhbHeJHyhrH9PZzCSCskkhtxz3bHJXBFbza7zQ2kOay0sO3Ry9CWI3kQCkgZeojlmgV5qjzmK2gaWFuxPbNGcrmA87TCI8aW6irViwmaxdp2kiPO1QUtGcSMr1BQZzHpIMByIkkJ0Cn1gFHkgHVJCyMDAZkk9++Gz2gSosGX8FlLJSkuIYDY4fOYm4X84iLsVMr26+LcQv9hA9xJ2uE9iZpZNz7rRJpj9i7qOo+RMIboKnazKfxo7sNVPLchoTeSbVjFwGvvYPfkFs/wBdIuqHIPcWj4mzxVfl1o6ZjFlwHaw3qxYJHpXYIXm/hoxFGQWcRzbuJAyoVvTJXTzgWFU40fvJWxdoKdkApmWynrRPCx5TRPTD5bguG+Y+mihJDsSMpEDXZuZ3MyB8t3tSJ0XVHVufM0veIWWYOh1aB+MIUD02skaSc4mqDl9Cz8xC5aHEd5W0rL/Q8FuNLk8Dy8w9pRVjSGUnOLxq2gl2naDfUSDmHOjp0woJnEfrxUk9bcyWL9fRRMkvj3tVUgUKuVSrZ/BSh9zOrDjTZArp//KLkp4IKtRpEBLx/Km7BqGrlAW33Asba/OWV3GYkMMYkhuVu7FyCclgiOO1XREACEEhb/YKrnWOJ+WKGy4yBwVFlPgr7t+nmHDBprRZtonIFdj0lkISAjYa/0+MwxZygnSiNluIJqq63ecek5rpeUU4f+oQY2+APxWLlzX9crOD0dPODzhQ0n3CQyrdtglx0A0KJ6sST+iQgfHrGhm2ZNF92LAimy7xFRJVjPHrZ1hOw4GSJYBQ2v4F7ZQhwzA5UZaD9FYFAmhHZ2uxHECRkmXckg6OQGKRQFgh4vdRDSLrLdzDFy82CUHpTy2EgXfyB71+IucGCDp5EuTJoX/d3hg1ehWrqmQk2YKaLqe8bAP0KdZuWPIVJ66ptm//6s19vEUBhP5Ipz8ps456Co9j8lxjhYPg0hevYpfqv77AlAubXI/HzIv7WVYyY8u3nSu3YwaFVTFRCJ7KU0pbSbMhfLB4/sMPsTJ3JmMYRClN7F0dpBpcfMMYQ9TNkw7YkmfHzHH8/xk7Pfk0cQX5z1j/6dbaI/b8LS4+0G7XCBgzIWXwKbfx1SfXrxtcQqIqJLC9SC9FIuMDG0t7eBSjlRwcCKhDOoKcA5ABDJWAT61Bd8RYN04Xf4Ey1n3iDuiL84LgAqQ7T5B7AvVsifjvjsRNbnKZkpqHaLC/7Ax9J6lJMd62IOHr7RGur+dD2RB5L12mR6tcaNiyCnxb7UTz2mciCuRf+gbkY0nDZrs/yc92XH+K5HVzyGrpwqVbsi2L1eMT0zzhN5CUv+O1EDF9lOEb8FlUPd9gbMWhCZu+jzUwduOxQ/b1P1P8WAVC0Hobew/BWhQMtVdBcaeoKMbfvINUohT1FmQHEgYbjAw+TvRXv/p754ff1QwPOY73bF6gAdaU74kBTRLtI6yQBqciMXOp7HI29tLCWYrb2aYpzZMW5MEydoLzKafRr6JtUA0CyyX47GEaiYsFL8YDo/8rYGbBurt42yzZOJEYcM0lVlr3A+Dq2m7f6hBrUDz/MFn2AXBIjzl6yc5tt9cdf8IWg+FNsD29RJJnxxgGS7KGW/ljGuUUz35ar12y22BMMuBAUMQtdEaCvhhldEQkNNg/oTGXO1KxN5X2OJcebJexeFnuFLhTpBH6HWiWvTf2MfuG74/6Qzejr2NV6BblrpPMUDwO3GYspTDNxLTpYTx+NsIfEKkZ1jJLbz+BVxUJM+uU8FxUG5m8Wwl3+kmnviHOI9JLEUWyL7K64TQQNuz8cPzZ4g7rzpPSdsT0X1pb2Z9vpqKqYgqM6wmyCgGw56y1xU8izsXsboTmMhTwwkpMtgQ82jJVG8v3YE1Z+WY5d0kIx7nzWbhuncNVoW69FQuxfVsq7pP/x2WVL0kxLBYL9FS0l8Zeaai985hiV6gB6+4RbWSkZJRXkY/prFVGubpvQL5Xjss37kU+YETkYDXW7uhBgEhlBrdenVJmuBgTdRR1rIsbZRkOB0hxoTpTUflKlX+FO33nGLRMHQ31EcPE++C3QeCVhECUGL7GInWRGXPxY15R9CBzwqBqMewDr1m7xKHMYpBd22/tbYY81V1oDZkyVGHb3YmHrNFnJPZnv7ITGgsVeT/7TplOvPALlOWZXu3NpHUoP8xHmOQr7+7IUJBEFlolNbCjaBCE1XhrwbVd/o63Log1+xO2TSnvELLNfF6Mai3sxAUgwY0sJKruHkm4fL/vkAAUz7CmMhZbBFdfrQCFtF1oy7RRdvWteIDLMdnPgWD3VtLhtrn2FU+kQmBBItUj+CpQWqcvjJjb0B9vGJWWK4FmqO+/THqMsf3oK/Dae8q46gShgvAqH/owvUmad2IXty+H7nWS+1RzrYUdNjnrRQIRbBBOsjnJou8Y9SDuPNk9GzcRIj8cbc9xRa0fToFh7Lyi/3LoeHBa49VVutcCzsPNkA5O/wALzXVPdKC6sg6VO36UVZvzHHLluj6OOjD0zY5LiTmj7bKYbdFX8Eocw3TRAFoKuKUFeIpRMefiKP4favj4NQJ1McurfWfL2vAMMHWbxoKPeSOcWqwjZmkAivBEL4qJDr3LVrkSSeQ6IEl/sG9UerTyIAQ5gwH829TUPiK5tfj3Cv5ofnW4KbgEDKAY3iW/dVvOfsfotga6gZM7dqii3MkpYBzooPF0n0ldDu2MMO+10MRui3ncTWR4Q5/3jCGrxW3YprQpaOXzUHSw6QV+mTQsAwwyq9/k94UQ4oCc6yMHnOadzsHy+jCQ0SseCUKefJ3sf8471Rvc3rDVJZ0eVb6SxGhZ5zopOJiq/XDBJ5vkI55ImI64/49cit4wYidVUvhe/1E2ymhr/7/vm3dKLiTZX7XhXyyTRabyrpB6fdXhpktucxn3GTTI9r/CBxQPcmPIXiNlHoHEjC/SNjTyvURUgdOQhg0Vu2IUql1NA83k/9W8v57xw40rCu6rJ4zFhJimjS6GmACin37Uh7Rl6LcOWrWTsV7DL44qSbifO/GfMbIrH+xIpt96H2hLc0+C8IxgpSwS7RfX5ytX7BmmG0IcIf/rAjjERxu6g9xjJu8IlaiAwa/ckUY904rPOPb+nT9LuXA6bv6IGdRqq2brQXrLuz3Ox+FZ1D5JnZgJ4xE9IsggKIoi6sB6zn+d45B2Z+/Dnqf3fpiXvzsjKCs4S/T+gQd61/BbHPnuV2+hhbV5BLFvZfFe9TvS5ZEWvTb4wgTMT5PfhPXAsmD9v5WBikEFNRaFA5mSENoct13KDkEI/II+grdCptIWNL56L6W8+ge9mNdTt+YNev05gk74gGXWToNIGuU8CatSaWJ6Ec3YQRgabuMHERgyZsLVL+hbNdQ4kE8a63gnqZG9wus7szBYll4u8vYKD0d3l217PN+w4cJAII/YuVkotm5pZNiGTL64UG7TEkzzPwo2BQAeUy4IvifzUu19m4ozBP3aQzb8l5ADSv87M0/Et3nijJbt+OHPjZyk/X6vUSUZRwf/IIhemddIXz88f5VzrmOHuIhz1ugXpy73HmgGITqlXceC8xo1N5KIvPvYRDRPiiaRXyqAKXwbrwydOq6Goc2vTlYCwgeYeaAsFnF6k8t+tKCER7l+Go7o5MKOAJ94RIDrAGPdMbdpQZ+VKCx0y/g4MlWwWxLIIUajqJG5ZGXutucG67WpLjxoGL14X/5pO16dSKl1dTq9k54Iyv2y9VBQVVkPNw4+AGiTOnqSo3//F8VHQ8W8f6GWN77aQHkoZ+bQfF378PxHRN7Q9P0HGsEMfX51FsUOo+pskNgmmXh2ijremOy12LPE6vU/VZC24y5onwjNd7/+PIEAVPhMs/our1u5Vg8GGDfv3s3yfESo3Y6UZG0mxNB7a52dfN25Jkd+hAXi86ZRoeH0Ro9aFSdCxHO+hmVyUnr2Sp0KkkZfiXkpD5J5e7MRTEcc18ewwLK5EC871nFMGEb7T1qYiuDo7rSev0lZIP8WFrAl/mEVQgLUxJ7urbRbHL18eoNxs6BmixxP1xVJQN7/DLdPLza2nDPfpATSkUOuTD0coFNu5VAEm2HuXUMzwMBI9qr4mh9q5wOIv5Z8LYunkWhO6FPcAJ3WzcAs2txjEEbXQ2pDPW919ZBqbPSJpBbqzxmLQWojLycmysFrpaA1lZikEhyQZ8dysmWdCVFbF4sqfSYtYK85fJ+Ro4S4cdq8T+3bPHY5PDoqBeIksTw3tKUSZMTPxncru9uS4Z9dMvtxgm5N8MeoTsDdfWXe6dRFxe8l6dcM9q0zgAylk0mFzUiDN1w1mvCdAvQ6SZOH3KPBoNZ1wXK/S2G5EkzrgjDTPwiKmHiWRzBfBstFGevMILMy9M9Hc3SxjwrATLKVB8XD4nyiZ344VOtPK4il239VEPpNKdmYsG0e1IBqcmhd/vFQVEg1IKXxE3mF525WGyA4Lk6SD5usAJiHmBO3yiJfxypVFWHRWOd7O5Yegj+2c2WmC+qKvTfc5xKQJIz00nofdjtQaKj1Cez1INIQiz1smmf43fGT4xJphvy9uGhpCS7lORGGxfnC8N4d+OM0oTPL9NKXjqf9M1VaOe6x0dyrlLRNGhfw5dcDgz+0yYwL1UnaAhba0+S+72OQ6AQ10malTty98vYWFwjUONgYK2taqcgFW37NtKRmOjMDPyPV1FDquwOSkiUce5boBBDHM1v6zwSRw0Y/4PUFocWK0UkDu5QJrUlnu5YQfhKp8fJCnmRR7tabzDgfbAeEwz9xXb0oKQ/gdCOVNTJS6iBBjhMD3FB3jQ3bsUh2jJx+VIow9H6HwqIRApt2Wyc0prcJa2+EtvkI9T3Ld/v9Sj44EWw77DqPj2iODzv0geeZroJ26DtcYy9Z/HVg2RTOGU7sIaaU0cRrkd7fVMDmqKpRiUQtE3P8jk3JjPSzWLwu3c3JJNY6x+ZvVy6qczivBkeFXIwhH6EXKeEWe/T4y/YaUFfh694uXTRIyL0jEwPQFU+rbouj4dFq/Gqg7hr88IN+SC/k/n1WdQYx21mP/ugd29L+f2v1YAhRljW8ecje5yLphVP8cbSLAxfT5ImZjwLMSiNJU9a7g3G7ZTqTp9A2v5mklJnhzlLcM03YlK8Nl3J3pwSrA9cbCx6Y01+D8vL71ncB2GQ8lSOsgXXdIfnN8+BeklU/SapCyZ5dGzFAtcsfxOse81wyswQwyR3u2Ej/tuicRkVnCwC9elLU7C6r61jAZxuLI6e+W/QszVMPfgu0+BbOg9Qv5NS3v6KhUf85GjoS0uYJyQ6FMTJ7QtUbsSVvHDLAuJRAoXKTJrHwDT1neyN5PSh81WoLwjZMt3RFFO9TC6GSsQue0KJZK/lO57BNXkhkFdSOyCOj3WOquir6MfG/zgH3N47WDhfsJMT774mGQ2MLJcn2556I6j0BEAmVtXK/NYOIEpYr6Rp0VQPVUAlxGtbcSJqwzhC5zlW4bdTI7q3js5sCZ6f+8lK97na0DYtmhDfrd3I79dY5rVF5BvjcjdvHXEKuVOOMlXiHZGscTMrouO704lQeCiK/p+mloLR++MIrHZsNyeb0uFaIEOrujmHDMpxQDfLP/SUMG9smEABq2S9VCHtr3EfEL8TxLu5E7QEn32gGIbK9Qep3W/F5TKnd/YHRd4K1HKmQ8O5Sve8vY0qXauXq9GWAy/oxt7wC/kDkSTI3Vgy0drUnOeRkkBrnJwsnNjd8swciDgrf1RIBvAJVYd2C5d/bhogtaTpJbPKDPrvh07vS2ObfWykDZSRv7GQ0TnEnpinegP/p1Z2Y1R8v719jNfYZ1l+KFtlnqvOQrie6bqIDcqS20gKbVB5FlTs+sfNHXCuSdobgnbhsQxLD8zNZ91IU8svnaKPBJdbEOZLErJkkhiGmWDIpcd4Kk8BxzFvfBWB7bLKQ5A6IlZH5hMlDwKAPMJigt1TuBZFVHbLWX1FmKOvIdZe/XXM42wMrvfI6q02JdtpAvMObgVBI6/d/zZ8tLl5D9Xaey+OHFDUfOkKRUvs8W5iBOJM5h6VoKvazxTR8eH7BFK46FsZC4iibxSgolj8zMm5jZ50iNnukWID2unQ6te56QbJCTNRGc/YnqJZG4ibTnw+KBo8EmCKlJf9kIkIhKUh3pNdK+x+H7iVIZgOlho50QzEIDira6JArJCnVwG3NG4Oy7/llNQQQq9y6zIWd0at87GSa5VyAHoSENpD2vaeC4biUYDahhI2B4VoBD8BHr99/RQ8brDmU8co7bY9ppm6xhJUKRBCsCvAtSpvVvBoB7WokwBm9Eue3KUNpk+bx9Ade3hNoTnnXa9oeCjvvTuG7fFydTrm4HfUDUozTJY8Swm/vkcGsm2g7WhNixuK+EML1WKmJchKeOjuL/Ho0nSTNltCOhtoWJRLUHKhr3cwvRC9sQLnc3Oppi9zlufPgOzNlejTm9KCXlwOvAh3R6bxuBmsQI96k2cuWBXHwy0L5h/aMHTW6WoF6Qo+5NsjAMLP+YaJlIVlzrYVkpkn/B+ojt+7Zum4LP18UDHB+qex47/M2Ou8uawBKeREoEpscAUrA/EUqlhdNuRDItJeswai6xmWssx6bh+MD4yyGO8Cf5c23taYdDTHq7M8hNPojdgD45Vt724l+TYdgITgsz4Vzw3wNYsdGWYBoRylyoMeIgAAABNcXOmJi1gLCyFIM+Pnyb3IU4lEPKSeTqcG8RuexruLxLdzzq0i3dH3nPxPI+Z5w6omaCkac36MiRpFAV2yKyFnt1uyMC3yO9+7WZRSL2AtgjHnUG9aqLHZW0YZ24Z6Yndxi1IjBRsc9R2C8fn0X+JR2m3qLOQ7AdRQd4vzQJii4hlTYl9ttw9I4kM/BYrmmn/oJDa9pgBNW8GP8rNpp3PMOrTv8dFtkn+REXgcFyj1OK2G4lkjmku1jbS08QGVFmgroLEokKw8mrkczqKtc5UKr5EIfh/9DKAGgOh8NqEu78Q2lMSZi8v877c4zDCjxOKfaXZJwgawxn9GxQNUdcM8mbEovuKlcSFXHH3SEFoLCn5X8umgEjsRGRYDosnS0nnchDDNe1dbW6Ax4NxlpJE0bHEd3KYAzwPCL+9NqM6JpCcCV1gMYbK+xBxdHx1ZcVHVQRHmDpJBNgX9zqnWvFGTAXqQwjCRQ2GAtO9bGMvg7WPkjxWCtfPtIziD4qOsKfGVD1Nu61j2aEiX7TTeKprsn0007zxBxdPmt8wb0tqcUZD6Jg0+QtifsGgQVNiEx/WPBJ/djdnYBsYEp1GvUXdBHvQi5MrA6Y5qK56iYn9VS8svapLuIAvr1/l00AdajksYdB2bsV7GSGdfNciehhfFBPxlKruXpi/h/gRbWGEWtJllciYGL6ipH7hkCsaMvPO0To/qBBIbsbnpC3I5fVYPA5eQclDcWCKpubs53KI8BzlrRfDnw1X9IkyinZ3ypwU6I+BZqbdeDkHKHXmXWjBRAdjw/AjvmVlX4+nwaquEPaBp4nLXepoV1Ox8o3++Bicm+iRaVs/ZSVKvxHG1+dBF9/e04xbCtA3dO3UhZvUuC9puSqEtrgNub7GeXB1zsgRtm/LuNt9TbzXHV8dLzJuvIjy07NSP8yuzSDl25uOXCTDofj1uFF80Gdgvn2sWskDQcqedrRHUd3CbULTZykQLowzjgFa+vsqjSjFUR2ucR/MYbHOV5E3Q2K0lH7AvRF7gmkm16kuXEMxEn2TfRgTqElTSXvGqYBrxi4tqEGB9xaNhqhbK4iCIupbdLfihNqLiHXw9DYQMyq58abFojjUT+lfoTBtrOmcU1wFJtAVYiwwcLqQ3TVox5pIOkFcC/O7qpWtNm5e63esURz4IvsEKlUVkcUM/KRXzV1tcdXkfRwUKihOuBuwRofWKsfxoS1TCSyB8GPc1BRK44aLJQwNb23GFVCj28VgWk1R91uBruSoWjXNhXdGbvUqbEGIZ/Wu0uf4Te4nWISZSxcv5rGULrxE8RifzvTM7kovTv9DJQ6ax0+XzoZ68FjFdTSmqWFGV1ptW9LgK8u+7fiRMalNPLB5QfQ2WZJdLdmfjJ93pbDoraVluAZupGErR182ECdgU6hEPrfe9OhZ04G3X8zVzd23tfNOp9yM2k4tf+/ETJgTgXm9bDExt0l6Y4AhfBcoSYY9TwJ5jGaUjkU2SvDulYt6hduABBK0fVuYQsgx34MdYdewtpPvPYs/RnhiTJkOHaXSSS0ZMgDqWl314xNlMx1jhawx6IAC9I372tMmGYmoiJfONJ6YvxlODFI4GspdtiVN2bNW3N42eD19JUHKmztj6Mr67Z6o1E0nqniqr/dT2g0j6v0fUR3OWJL2W9+uGwTm9KS9HLZ6l9HRhHuZmqoc5MHZUIF0lOF6BjWkGwW5VoMqLauBTsvCJI0f7ii7LepR6HhSDUuJguFLRYBD2N/LCsvBCP5jYIbMz9ZAWDXQX52ejL0hjDm4mp/dFF3Pk+4ufkIfpzDOTMR4g10fWC0rnO5xvZ47Ukb67gt22KcXrwhtyUoNx4v14kXuCIrgJIQkb7FPNsUieBiOKf0sP93PFw9qFsZPv8W8ZiqsLIpZiRr2M5IBW34OR/5ToPA882SCxWkr3cCfnAOP/kxZcr/itnQogxTtiM0XsVvp9G6aS3dOhf9oNqjtr/G1z2ThPEuRwtncSPJZV1GDRVBsEop66tihFWSQ1cxcQ8uG9uGuvdkLuKJnVA5Bj1mAdS5tlbp2pNVZ+K42x+g75Qix/oCdlDuWFX+7lYh2AwVWrE+d3A8mUDQP5rbRazLiN6UJb/aoQC3RctcaJ9Kmkz6ynDdkltJ+UPFVsuQh+O2muAoqv+KA4D1EyrSx8vRgam/uHIpsvQn8lJlcNtaKY++c4shsjQ6Qi+gbDHXnoG4zfdP+j/vr+d2jqGN78gvzsRmRp2HZwb6uDMqNjLcCbJU/8HSo5J72wgFKAd5VGP+k2vtjlIJV1O5tqP7VBgA6VUN+YqIEgUO9W/+e59AJ7q08zf+5Gha5kEf9kdYdSw0IWU9sepTyhyGFCOzhu7BsXeRHrOuQ4X9jSn0e6WBohn29Bwx+lq4LiYUB8pMUmrnzUKoPzZKfDubQL03t9VEmAyYzEJZbY9w2n4+vYDqrwi+tEOiueIdox2SFzF/4rpFxiy1/bl/EqIg5nRnWBercDO+RQD+5JU0NV4EJ+NjVmVGWZVx7BZYF5wq3FdBLY8hwC6pubx7rg3pdM4UvXbGKJfKkD5V85eE6HLj1qHunDy+i+TzgAQ3jf9qNWv+9pJpwi6ElEAAAYzS3k6nBvEbaSIFQBHsLV+vEiIAnY55WTLOSrv2kq9wrZFrBPb7nPaISXbr/YwBz536exWeF6JGtOnU0GulLlhFjc/ipvIrupCaXE7ilCtaKZZmlU529h5QloXWEQQ29XvvVjxkQyDktNsVbfw1QlE63bq+Kh2R4V/jgOZLAWNTmnQ2rHFtXDHLtzmK/VvuoM8beO85+4oWvIeLDxYJ+nBH5feXn7rpLYtsdkmeiYRB8SckaoFyZYFva17O/gJNkCIKhnYiP5MFt+apAhiUjXf/irecHnFlC5OvVz5BjyR3pAth9xCCQGSbRtrNVkD7zTf626Xw8qutZ/jWnFOQBjNJEc9aTr+Xn4jrdWlccU0cM5U16VbbBvyMbUlkfQY3L4oCDH10Vs5ZD+tSWOglEtXqLMmhiWFGJumbhoAayOIidufETQBXL18/7Eu/Zf3BHIhTDh4pyyZytc+zqkxSaxexTPrUArg0S59JQKOvXlwIS3xdR/fwI3w8DQaE/PVOoUx+gZGps94b6fgCBH7E+nTMZM9MerwQhmqLoQTH5cTCvn1ZF7DhgzNe8qFTk8joXVuQxzMRAfYi6IBJ2Z0Yr5Rbgu0mExaePwPqfWC4VUT6HMTCUOXxEp7B9vPBEbYGHrHnctxg9Zqp0wrwIGp21HhbkUgI4R2XfasZiYQTkL+XEv3nerNf6t7ybkjw/0cqutBjHrrNJGsoblq8vg47RQEx2L6/J7uzY+0m5S77GVfoJf0VJEMef3lTHXG0Fd3TJuxZgYkW/M0j7oaHl4JYUzREDzkAmB36UF7fFaRyRrmf/D4x969koO5IE8E73xwrXR5CTv+rkxFkUhbZBn+6A5WbT/0HPCgGFfaQCg9BNQzD+5yOlNbPcXKpv5b+aQ0eYiIIIBjE67Lx2q5EY3MxEMGhE/1RrC/CrpFE19tIfgCAjoqKBX5kZsrEO9nr7NZxQPmFcooLvoJlVzJCgHLOPGTWfglGAd+DMO0Y/oTPA+GGj6OPOOpEovN4QrCpY2XYhD8GWB81R8A832/YMDAVkpKwh/omltTCcn9WiSOIy3nLRACnZMqhcblruhaKkkZvkU59UhWhxjU+ZOreH3REo94gmVDRk7mG0Z7G9/8sQpZ3Honwf3SPOM8rn0YnoxJ6NnGoqiVVqk6S6H0NJwjBze+DtUaNHssMmTS8l1aDaSw0Y10imfgbLQEeyTskcPIf/jQwzN10dVAaSRgZDhwjXnnzUsp1Qg0mKEggXXOAIgXplCoigV2yBEzWt7HHoXFz6/xhtuBb74hV9e+EcOUSeyAzbBgKaWEa9mvFYynPh+3V8S5T/Joel0DI0ygyfXfcUX8lbPF4R3QyNFb1FO+Mn6V+BK9A4cU2Qe4odYSHymRLjhcWQbIiZzcR0/heOWTQ8qQXeNw1KdDQ9B6/nBvfw8j+K0ON0Q/6b734OOjss5hvskqgeBkugiLYRmPl6ujpEqEy7N2gcsGv+u6xXPqdgvS1Gpc7TiDLuTMm5knHVZoDZqp/p/9BTyMT6ITny9d2atv6C4g1dBVvW4hvtRzAU8yzE/THhn/XzSTuY+vHKKBB5d5Z7pcQ8RiCdBjwVmmc5LHdbK7LfvlhNMJlBGZ95NQjNjMLfHn5SgdSVUtoB7hvxT7F6TmwUkk3iEHLm/dpiIgbeTVOLl/IPtyJt8GPdWR27TTlgsc/8CyYw+W3MukkPSpLSNSS3gWTul5kWbbgvhF5hxOArUQoqKVBsFUaRyaCZwxZdOfbZ/PAats8T0EjZAJ3l6cH8tVNgTgF9MR3NmN6Chsi8JAzbaHLpyOxQH9fnWSTg3X+Vxya21E7q2fG6xqYox7VixiX/4YtdYeguhn6eHZqXDrck7rB7uXs89uN0bLqeuLSTCMON/rXcFhGLgXxsjSPMF/tXrXmEu1m5NrloVxo9x33adGncE/kArN+ZU+Qod2yLiQOU3ZiKrWJl9J1ztxyFf+99HIILJ0PF1NuK0SgMAm0uDTi5fSO5jPE2s0P6cUJLJmAXNurIY+B8v2X/bn3r2Z2PVGhOlgHdN4ps2GRoegQAewzKWxRIWsfP0XBzVdkWaS+UxFWjMsEwAdDAbaM4vG2f605tW7fuiGv2Nqv9IlL4EWNRP/jF2z5pMQrIUMtLUWktmmPqWNrCygASBsi1FDJIFsKceVmJwFv6OFnxbK6QfBPceqm6285gcilCzCb9YefbQX2irv941uxYlJNQsA5hMMHoZfp4rJRu3l/SWcIYsC0rG3mra2SQLcK8hQgIeCB/Q5bSbwNX+c1IEXjbhIlKmcap8bitzwbbHAsY1BVrJzde+SqFeLCjb5FE3BxlupIMNWNDmN5Q5jeT8LyfNfqHkgulLEszOz3Aquuh69/zF6OAnWpUmyKGm3J+E80oFzZGlpZtDLUvPl3Kw2zFlzy7un/Kwi3kJ6BQ9yOloVK246WzCMkCmOwSzcb6yWj7i4tpx0MO6Bki78zDNaI67DAilU4sczAbOPUR+woqpRkBwwUzYxOrrSq632OKXFMY08evVI4IJqHEHn7IyVMy6+NfwDYPuIumlZ4evM3IdliDIvkfvpqPbBThZZPkx8drAFEOLSVGOtz9iCezJQPDdAuGpT9ociLHFI8yO5QlvJbM4bFPyd69cwG705FCpFUWx8me25U2oxTASx0Vu8Rbd1FED5XCumnGAtr2lNnbf5irFH3Yv/mQHKIyrYC+C5QYcq+D6lDg6Q+gUR75B3L7I6w+jOLI1RsdbU2AA0osuC9J9CDDcv7yfUO358DrwQjbFCEsapPzIKbzHvYktAZABRK67klVrSFkNgzqZNC/0RPz3iNYigmTB+0P90BcccWcr10WwSQXoPQkLq1LZZUTcPyHhKou7uRsZBsFTjuQXobZVFxtXtXYDQLdmKVEm3ML7IQwS0Sygp0ZBtMCnHcXTP4noljRklWwQb7z3QhNcYzMxm4hJ3uHyjLnbPT7eH0KKDEFTnpx4xeC+ofn1xNv3j5vDtuJqwu1Wf7e7TnCl9f32ZawkW5zPYH5490Vrp0FqC7Jdn4hcNmUQ8MEifJHrcgAJAisQVlSLPhVd6m74SxVvWqX+Q/GU0q/dmR2KUQrwzZEh0lbItYDi7mUXGc5zsUq5PT/N7WgeSxoN1VEdx8zLleXeSRVg9hT8HwNE0CAjFNKDOuX+LfoIVFICrXxT1M0LK+MVGfzcpvxImk2VADPPHYbBSt1jUuabgHCLZXbGjA6dqQ30615/rypEU7OTd1MNyu+zjNSmtbEYPzjpF59qKMGd33YpJq1FWxyxcLHlAkjfSubdFtFBUVZkgU0L0mJ5EZle9zUNZoNOrSUD7IQrpkihG67DYQR7qCkVPTPbSzSSJJkSVTS5MMTj99iVepusruciicdsMkfKIJnNGzpYojPK4+FidcvuCqOnKTOEPkhaUBvekbcgFVMGzh+9D5x/OkazJ7LFVcUsO6qsYSHsUjOtA4RWJiFdYgxScHlEzMtw6F4Egp1G5jdgpJ/Rr+0rT6r4hHwp+c47ZtmyK6IEPsdW1GyRvt1fUdx/+yLCjHtHUXejEwVAF4GajMw+namT6As0zdRFnE4THDo97m9kpV17QyVTS6Nr/z2f/6satuVmft2VAMnLqmbig59qTnWUooIN3ZhWwe298BUPPnMTnV9CXi9e7p0wypwSn2t38Wqx9JGETKt+VXchrWVq/narFBzA4GFMBnCOsWfZXA58w3LW0pBQQdlajs1oy4cXURHBhnl2BXnAVG6iPwgKwwLJhKqehLqDFXLmlTJPmM384WTkwFcB767m6AK64fg8pee3col6F3QMPEmh4VpcGGKlNNzwwziVI4JA3f3CNc9W/dfFa+XqIbnmDTnC5h/UaXcmCEl//sqMhv5cwFlaJJ0gYWi94etZ0tW1qsUQhFf1AHKdzTZeNlmYYJ3ojh5P3t5vph2kxqz5dllY7nTooQ64Bh3HvA7XYqkTH6X8q0N9CeemXhsaFVCFyuDAw8F3Dx0UXjezyVss1ImqRuA/Va3A1FjvzBhnI79yfztYqQEBZGYdD3OmfykGRragM2Rb5UbND1AQFPtWo0Yoh/RLOnoy2zRnle+y4/Hq2lMK2VITbMKokuDVD6koLapiJulES77RevazBAWu1dJTLoJqGbR/WGgygOxvYE3ue5tG4D02djjtjsnYHj4oGOVZqPp4C40/KeToye3GGwqVb1RNRiOuwfyAReMIfWGiYPPBzw4xYWdRO28XY0HrivzUnJEKpIP38Q7Mw8f/ZQQnY8yboqKgh5Y1YDBAlVBJ4oH9/eTznWpI2JCTEuOjfqPNzFCoaSY7nbtdGNnKBCEkJWrJyRH2azd5KO6L2m88e6/VlkUmt7KbEXH6NVYFi9M9yby4cOzjRzDih5BDXqN8SguADZTE+9j7ob+/7H8R7R1ubR1k2bKFHDVYo3PDtAhx9SU5zaM2vswvmlyDgeN1If4DW8MW975TeuB3wEUK2V5dfuUFflfs131vvuRSVm/kH7zWCifFmd2rABeVCmYYlW/eEEIKe7qCKv8TUha8a/3d9EzaabPb19ghsf8aMB75KP42rxT50JpKQzHDr9GCa1guorRyZY6E4kIzajAHXAG49r5r9N8dD9ce6iHpv3n5yvUxVwpjqmri9rxS02RXnnOddCvJ1pMVFMIyc7tPbNkw3GubzLz7DxctgWbICCyq1lhBy+4TfTAzrZZL7wIqxs1OcAXjw0KGH1OEl4r/k7NBVjRKaaS1WS0vqAjYPST5OCyLQwFz/pCLh+MDP7v4Bu74s6ynDENgKVDxMF834wQGyOSeWcUZ9wEv7kOmECbZf3PzAoS5AqvSR0MII65aeGx8GKgusIsdFPUIvi0yGRQK6IWADKifOMFO4Z6Ays54za/WnDyPYZLSr/4Hw85jJws+dQBbxskG3f+DLkA6t1oYxlJ+F2l8MXuVk/B0v6Xs/xvvz19zSplnmBkyIu7hoMl88fb1U53alE2pNOIK4EVcu55Ys6WLj7wf42LEGnDDb2R5RzBt7BtSLX23727n7klEM6sXjJgPnU+AcP3JMtCtLYKIaOQjdXj0kAwt7smmOYcJ+7hGtBRw08LyRmLIRTePoh8R9DsyJtPpNAIk0riywjdNn9nqKxwrsyAmh7ajpRRamQqKT+9E/vRP712iRpdRiwhUydY5JH6lxmdBnb1YnUaegcqubrqK69rUzWDsaw8pwr9+UFfTFlrVq0bKEKddcb5RGsn0mPku0JD1o5HqqQZBkqfQEvV474iluhuG+y4b7Lj8eq/VnbUdncYm7p4XfoBWKdbS64UKSKcwlMOEpZY+WNJxDU3tmI7b67FxGTpCrfpcYmiPo474y+WhkWkPwAaPSkch12Bq8oO3yzmH5qzMtc6bqRvFVg30ien6wNRIHF4CM1UNdlv+/KKSi9iY6XIz9tPUWQeONiRDSU8nLi799neWXuIjefwv7oHwcX3vneOuYAbK3xRDZCpZtbS0b0MzspGJZ3OU88//txbbE7aAzXOCBX/UTKJlLAuoEGU2jsMCKAQFz5Aphai36+HRvceOqFtZ14/Rua+p1J3rkTd6gJ9VaqJrGUGJ6dobE8FI7KfIe7mvprJQ7OTQy2V4FxL04UUowaQ0hjDGahsf9/NNUAgS0E6a8JEjHMnNMUvuuL/l3jEyQIbUMik6/ahI+QZO7BitKWzlLF4njqrnxmPBGljkGdp2IIoL8yGdXiEGRtF88PGxzj4E/PN0JKWLxPHFBCcLkVKY9z57dKKzwR0JVuzvF641CVVwV3lafgZ2gdesYdbNFAtHQkIl/+GJ3SUA+CK/2rsCyEE7gX3rxsZZiHoM65vrXAAVY+HzvnGCD+KRo5pOHUBXEXoBcRK6mD8d2aPS57CzdqHWy/8UkHy9dqmLwC6FX2ClBT41Pk3gMFnCZcFXulBq9JUJqTuzKhFFavaldGoBmxE9ECOT2PZqWyEtJte2mMF961IdE+eFv3WYhoj+wqyn+Gdp/1JT7xco780H5zcERZ/wbQs6ZMKc9aEhVJpmyvYEcC5f0llXGNJbEylFwx9Vxlrv7deNfbBavFfbs7+Xxl3bOdSUFlbfeNFtXBS9KRxBLBVxIV7fAIg2bV7IZX9MLbyEqTKytmzq6p3x0VUoxiteqhPDWH8/CqgGmf094PeM1rKfQypt+JseEcSipPXAJRhTbglMDmq9KqaeygXAyioCKYwaXOwgrBTpI9I+NC3MDfIMVZdFr+u9Bv+i0JLyZAzTW57vGh91uDkhb4XzNtmbuTJMBW5C9NJSlUWm/87Ztr0sa8jzGeKGW/fs4d6nIXpouoqJQdbzgs9m8HmK/NVbZo/vl1+afu5YCkXWFdEVXUGk5v3P0ojGf3vWpJMWwHYImujpsPA8oZyoqoVUSqVa0Dn86uZH+nSHf7/UIoCxAuSI6axxuE9EM5+IGCmgcsGuqGYLLqAWGCuyF9bQMJGLhZpvpLd/TCaMCBBStUSAi8o3NRRqXPuzV2YuO6Zo3aIRC/n990KkHm8pbPVfMbz2LcUY6fODc38XrqXX37Rb8mcQpoTKHr2oC8no6j2ZtPVuPn2z2r4JRz/Axpm2roFjFLOyJsxvbC9CPJxSvmNi9kylBWgvZO/xO0ioajPWkgjWImFYbrLsWh6BkYjI3vBeIMcXSh3gdmD61dAo2fIlkuS2A6x0k/V0/qtDd3Kljmx8DuT74knlRZtl102IA6DZZePFVPW05ARl/ovZTIERElaqkjflJpCIoyuBV73IzCgcpsflER9yKU/PqAHEDO/RKGYQbZHZZeVZMvKmxcf6nJvDCaR18uhGidqi0b2XYp6v9eE66V9HOe1JgZgyLxIU0zVlO6tr0XJ+wpEknlPYZM8NB6t/IsnOcro+7spaP8GNwqKnlbRfn6Pvj3ukhNAWrYZZxkMV/PWhHQBPwaNylSwy0nCHh05Tddi7smO90utmlLGiryKopgEFBNNf1itLnO2ryLGCJuI7WLnLuYKZr5dzTZC/nrFc+if02ffJzXQYqCt0fHkeJUewhWxat+QJWbwFXXTD58hjNgTfiEzNP7GXqnzFjvzBmLOkctQQCfwS8wEs+44FX8k7pV96Noc66CWO7TDnq3j4nDQjUs3esmoqOBLuVCr5zN6+WeKLDMPOIiXYT9upNEpG7P5Bj46dDkAvYw69gBV5GMLbEXlRvwiy2l2a2YOTIARIOg8NHPitY1e/Oa+mFQQwsta9U6ENqohHDFleKPg0imuiUhiOSpcxLZx3I2+93niEPWiGr/LUDoXihPOztD6Fa9DRzlm5uUG7KOYsSu5TuwAuTWV0EVM1CNdB1906F6VowbyO4cVhbec34IjYJtIbFnf2kZ+BLRcxmCUjTgFp52l6+oHJiBHLYQS9IeSWyU5SBgkLuqkWcNVDUK6IlA6VffSjp+LmTiBntSOUGtenNjb2Id3CP1c5i5GN0ZviJbgL2qDh3QfGBI3AqaD/ePJxC1yr6YYkHAfAWYc7TZU7XybMVcHWG4Fw+zo+YrSGvMr9xPlAzpkkQAd6ouknMpUDWOUQgZdRtp3mCwFnj7X44SwOamA7yvZQUJAfVrgpcQ7lw0HWbEmbdYQcJ9ajWhzLx2NR+MsZfnA7Omrw8UXUBudVEZ285v6ajQQ530j4MieBc3kyvY3FNyFnsip1A3l7+2IMAP1Nnh+Xcyy5dfK8TjZIIepKkbgEwFYrKFpIcxv0PngYMV7jAhVndUNnd8f9Mk0giPhBFGBh7mKIk/FiiOpq/ujk7aBYH0w+Rj41ihK1TvF9tUyLMdqU7r00CynenCYGyIeKFoDBMTUhvpvljdmzLfGKA7Yr3oNhzDajN6iUvl45ET4+vKPRM6kOsO06Q/3hGyyE/tc3mP8xhDQCQ90bPNx8MN//e487TM9zJDllHAwgeW0wACeFCe07y9e9Q/IeDljX9HfLF6kyGLtefttAtoljMtvazmgWj1je1gWKsO+NItnxQdG/kTQsDnFd7l5TB9adU0i4WGGKakh4OVXmqU5qMlFlYtuTwamQN/0DBX55KDxzQ1+Zj6FUnSG393zQJmcN1gPlJwEDMpxkTuVDGmJ0XWESVDcnluKLjmiK8XwlnT0vTMGXj2EmQxk5lPaFt8qjLHPUqRFEFFglNJRnt/bqcLv53bk8i3fSbpjzO7kxQd0HP+nVN+pH2xAtSps3QLJp/qeXLHfe1w+nTtgQuDMAvjmsBn77MP35rNCEtzj2R+GfIlrwydi4ose2uRl9asVgnjCCQP7SNRuLhyI5wDj8Sf6Y3dV8v5k+mt/4JTTZuKDBG3h8Ftzx6L70k39HFDLknF27oYKPOK/HNE7bYqWJyqA3fLNFHh8OqhjtgK9VoIIEqI7IzFOEhnTDmjMUDpTXQ2HFO0xW8jw5KUMO/JuvDzUc9hI7zfm/5AA5iRfGSxfFPj094hisE0/8dsN4ygfJ9/WCLfL0PA31klUS9iYyDav3bN2tC7FLfsQhy/JkxVNbJbY4rLnK3YJmecK0U+M1x59kwNmBKAxda+a2i1buyDjmkIXcWNymvYo5vBpRbFVoXazvuQ5xjamFs0uMv4LRH2bauWxS5apGaj63ToeCtx6Ep8zGMIEPg+QgFMh5KJWivWPCadquuU1YAx5/O+74KuSbrYJON7QzhtXXsAOAS0h6beKYVd7NBy8hllbtER3mlPv0DagGmpnhWJRhSCvEWVQ+xAOOn63yfQdvlkXdubWjmak8+PPmHbN8Pt7sVh+pt4lpob3eX1qdyISFqL3gcteeL4+tIrSQovmGDE9KzWsR2HW9MYflmWU8ds4fhB/sU9Blj6AMr3+okzYxIh5Mv32OW1ENptzP8ck+A5iUFTkLCZzEMLH559ai8HMSq99B6pL30KaX4bIOSFNfRMoBA+vFTBcc3e4hkeNYkgVgna+V1jU0nqHbw9m217MDNoJxVVmnVI4hv8yqY3XIAf9lVFsQc5ZlsA1MDebUSmiDmcJPI3ORE+a5eC4kpkjUcThD7ZdHC+u8mZaHFWYhlrOsri3Q5+w8r2tB7eAQFM6rRqo4nPLTBem1jFp/8Ao9tJ7zs0F/mSFCG38qdz4UdI6frauPe7uihH3JKM+KLH3ScZ09ARZUouL0X2J1GrXLIPuYjlnJP1jNoQg9cO4Qs4GkKnmyJeE67JwqbRXKAjOFlQWHnNkA/fWr1ZKbaR5MWyTNNflBBB1DlW018OXSQQVpDBMTRbfw2THJ9uRBeni5TJDE7NFV7/nOuqIdFx1/vPvnBHlYzGM6/syfNxtde962ZBeti1Qbz88+hp4oWdJFgvkJC7qZ6wFPheBtmUP2KOlQKpE2x/YiB/E5EzmtwVZB05l4m4A2oHy4vl2Ayz8AYlu3mfq3RYNQQ1E8sOIDYoiCBHNMHyzr0x1RBrVoOAMNMiQVEtxjMKYI6iomn1H0QqSZ+PTZooSYHwbNgtvEqrb6ai/B2cPc96XIJ+3yYbu2kU0ke4TWvbZaabMJH4BWXfh4s3yq8KWY34+A1Vfp9jQYiHfInYMw8Ip+QeZTA5MsRuB2nnlPBi9xxreiC4aOHGF1zZwk4/rrznzcCleXhGHlEaZOIqaaZjK8O7CSmWXHFLkMA7RKwJOgVG5V5CCRZPyLKQISGOYv3/LjrkMKVa+lfdvMrLv+70558s8sg7rIIzEjzMWxtXZ41pYQjy+k2M3aicWpcbVbclNUAJBKHhBCkkxeSCjOIAfILKsD3V12T0Zgl9fDJr2n5drEfJE0Y7665rqaDNZWL+TbqIuRvBTKnf6zza5Sy+F2VPiBBxm1l5FSCjEydOy4EuUXf0OJRRFxFZMy7YheybQz+qI1oB7d560BuplJ3Oeu8VzwBGckgBEA8z08PXMIYOGc8s892S4eMC3nRBpqR6SRbk5ky4TaupBl3E/0kjXXpilTinr9Lvhspc8GdBWCAiBSuDO4KSWzPAuXN01cCV84Was052N1e4nqbJrBHI14nMKvFXu006VXA1x804M/KjgDDuq5lUeOs9OkwkWxYI1evL3u5Am3uQtcR7rMBwnM/PLaYOpuMjgtjP0iYf+9WfyQ5vnSTfArQRXNjmMvO6xZTv2+/2O67nolw8rayi3rEBj+RLGFkvWKiNiwtq2m5gDpkzci1qBSICtsBOL4Hq/ufBenGHlb1odkSmBMKIEmOjmmlmF05zOVlo0JLe/nqvolbwR7joUoQPl7jwHbz1KNvVG+poetz0w6T1JluhkSi24mFDgEWpYKfU1UpDJ0ygro63x03T0aaTx4f9C0TEMKf7jvqeCcit3eIYlfTfB0CX2SyUNKJi+SVthvjBZH5tFZ0TtGu93Xaw0hxy9ksRVsmDNm7lIb5zLK+A8xQ5nlZCeihrF3XB4c2VGO+z18FNQm3sH7iKc9w83EuBs6icexp0y4QD+s+ErWcLeE/uyTlN8inHqqrf9KDLFj7wKugtkezKQK2CdzxSM/bAjA/6DqXXDDXmaWWYD7XznlS1J9UFVdR3LVpanCmCVTf1KbgXkRjGKJ3oDFlaqPqqOpW4ovB4M9m17d1rl1cg3p4sN8f6v5eqAxJDTnLwfenyAYQebjo32Uoa5dyCNX7zL+XCX0hdZ/+cCTz7qdWdkTZnJbeRy3FbEX0GNDoZNF5ek/y86GGdTNUBUwDhMItB/bhmH5klrM8esoowMOJOD7en5/QI5beiLnRUqROTFNcyYEgSZ2eNomJXFC87i8EZ9PmyXisIqbecVC4aYK661+nLISchr0+xtLhLbazP6xkjUoGQbR6Kdja/rYVC6jry0Uex12qU7Myu9Zw6fQhbyI3mi2zr7hRq1QYyokcDDR9JtdJFVX4+mmbxVUl28vAlGmvH9y65p5+LC8JPdPd1So2kLfaj+ZR1AZLzTcb3kPJAzbBSA2iTQ0Mb970AmaDIQJVDeZm8+Z2jRQuJyEUfUluLXtHDHh8JkskZSoBhMp2kDh+/8VbjZqWYU53IetbJhZGuM2RlIfcG2g6lwFZ1ueHD50XO4G4AdPxNC7aykrRvBx5AiarWqrEKH5VCrh71CNZvfQNoy8nfgDL3LufOlFj+DS6Wcxn1XFnTB+mV1YK+F+/vViM3UqGXIP9aLBICoouks1tNAhV7MPKt58/NNeIFnwvok1B6h8d+k9IyY437iOt+KE8jpR/5nvUA8KR6iHv4GDsqQaYowStemFEKr+j/yDrH5b6kbLhU3hprIF0RLlBAdsgtulCU4hwj+KZtwP12JM7bdAU40kksokMObMCRj/7TPy5sgQ7RORCoHsr+6B86nh5CMKde7JJHAUMx9BzlmzwFgWkkw+/CJmpK93S4iEb0/XsSZPknymTG12dIg1mRDG69kaXzjNCF2URSD5pa/+GDszYiQF6hIdzJosPIGhWzOzXpcrfSmxRohT4/qmnuHzg5NUl+UZkc1S+0C5Z2JTeJ7x3tJsLuoI3iRDot1oTb/0rCx0y5lG/dmrNJXC8BrrQXn46XBus5/R4drgpV3TxoQhsFUelTl6errxEg8sos83o59aDW60Dhs1Q4P7Ylnoo59V8u7nSly6Fa/nUCYWWaIxeOQxTnZUjM/FPZmnlYHzPGTPE5zxfw8R03w00lvigRcpt2l4GmQGJQSR6EwsfY9W93DawpQZd0lDiXOBftP6kDQ7gErHMjaBS3lj2Ap2/+wWU5tnoHspfDyvIJRZFaHafyk4B33OvJ+1Dz7lRf2ww5brl3KtkfLWf34wyI/VxlHu3/9w8rtBHILyQqVzaKZ2HbQPk4SdoHA2WqehXdVXWeCjicEIlzKvVH5ukWLiOykos93xXQrRUaNCkIOj+h2335qbUSQTv59V5KFI9OMp7U1AFezZIO4byz3AwV/Yxhvz1wwixD3jPdRTcSHeP2dyOiJJdDHjwJPnjJOHgebHi0/FLDm7T3pUxhaBw4PjnFtzKyRiGyR+rcTSH07xGdVWYfXCcz0UCThJudg1vBEnys30/BPj7xicbcxK7bDI9Fht4N9QW7wtZZc8Ld/Z53oE6VTEoKhz6d1+IlkIOrnvCREjloBKOZnPwDJk5DTV1o71eseNX4CyK4A0kpr17KPKxlYWVLSKudpmMe0C0zyDMvAstxI3nITgtKlfVrkUmLmgczgU0bqGXsIuPDo2LKhKViAowXSNd6Cdt88zokFU+YYnPZYYsI4AydNHHLkrihzJQeg7JMjaZH5FO3IRxDPscuN0Krl9y+z7dDJWk9VlMD6sIZ/Ee/WM+QF0kEpxGz2RDnCAF4ZEiNVE8z7n23HCJWHpJCGWd9egNmswKpphcJwhC8s4QXFNDwX9fUBENOw5Dtizz9xrFyghP0GAJc/w13EEDVrymrK8z8Bv7HUnJmoA4iT9M6rWs1rhATTK3L4KGkrCZSU8Uq9ko7ZQQyMsxDmSN3a8DKq1oZg9fCOhtL7tWYqyjkPUSwD9mTV39b5Hn+o4+y+s07P9hZWs5KLnNBduHzv4j8jVt59V1IpsDgh1BfISAYPCKLxotMDZX1m3MOhxD3OcT0mMXAjMyrbTgAC8ISrRw6T7OirbakiUGXChWRa8M9jVjK+gHS/IMfojlFarM6y89u7K0OtucdgheKkAav1S+ko1gsTSLUu1nQkb/YqVNSKPMvdN4oxiS/Ouc5686y11L8hp64n+LWdzEouuioQWMCTW4ri8AoAZKhEhwh8xjD4R2NZ95ZFpsmg99LNF3Oenf/jxRCD9xP7PDDkov8ygksL9517GlMvMesH4emZ8GdUbq/v7c4eb6sxosG3398EsK32GwIuvhE5xUCJAn4A7DjumLAG9gECJ+f0nH/ialzmKuzbLgwDZVV9nbH0aFTQLE4WeGSMBJyZpIUgQ3g4sngNd7cvVAWMrfcQQ+JBf+VAMbgJuk3ytApKxO+ymSb0HYyzeO0un008zC8BVAmERphzBQp9sMyMmg+MuyWt6vW4F0XEkEDcYEvM/lletM/q2ieqnyCoobz/vkbAhkD89v1Jf76CJGav0YBT0BzsYBV8xdcaAfaFEGXAG+Pun8UvGsM2sy92T182g3ROUdJmPn8k/deUnFi9wU0jqi6J+k5PTwd1dEg7agNLvZaRIC84L1nnf56tcSUF40RTI4VcFgWzB/7onz6WsJFOiRIVmgcNcgLuy6Y8yXr3o6nyaVG7d+ZFcb1sv/c7WGS6bc1oCKohrfQy8vApS46CJqfVl10bM8pDgUKDwZ4/KXafhvxPZXKj6iwZ/oz1CRA/QBOJU2gMiB0frBOW7S0LS8gWwEiVtldxT8r7m/ugEWUm+ZymwX8TPHnB5UP16e5j2vFz3sks+h7UjhbI7/wYYX8eOX1a7zwGUaDLVouVnAoSJsoB/TZ/LH+fMMH385VZNt+9VHihxfp/Jla/XLG1lS8V3RJIMeowg1FTF12LrgzjrLMVBAbbrer+8q2r5kYztYPOn2mVPq6zre3ILcBODr3r2wVwV8fD8LDBj7+h9S0dGrIUzk7+bdCz5MydZ3Ai0vw0VRqiGykiz0d9rZAO5+NgrwPOJAqxUQf9XuQcV4+ZNDIPY3HypP3hLIOdO2dg5xKwGsgEP5IYwCmiZp/4Z3zi0XVs84bvr+fQCWy6Fx6/5Bk8mehgYuvodaPVEGjJ+wnr/85Q0qJQpmfr5hr7RlXcB9TqiPGTkLzJ26mjF59TqehSdyLOUUeGt5ZoiHejPYs7rSY68/mbndfGWm/mDbNnevPtO4LtrwNxQfH3UtihUqLZXQqkP8JUB/3azMDvRBVpjwkk1xDi6EPHS/eusDCxllHp5i5/0yiG46ta/85Q53A7dPNl/au0BBTd6qw849GKCb+us5zqEjD9QHL97m20uvgyLiNMJ5LqHZekm/8eNISexgshcEZxenupVOHh3vHxTfSyNKYOMvWTEJHJD5res7h0aCfSbTQoDM5F/9ALAmNAau5sVgXDhDkFRvbtppE7GAUXiJJASPfvVhFeIWAXqBT1/KWSdgwyDmxwccVYXb3X7l9SdPfzWioNnTlHs/nz2W8Ex9S8r7loWEDrytZoce/92F01xn4JLxJ82g+9vpSkHHavsgrw/rhJP3OTqO1foGGkILqddOmX4foQ6bj2w7xexT5MpE9VDIic4p8WkwRLnBJsuiOIDlBdcgB8Vu19e6TQrfu8tdKk83WjDrBDuKrEnYATWzknheW9K8DNTkE0PEXF6IiT1g+Wj6NWpkb2xqbn+sRVOHhHhDMINJbdRT5zvFw6A+28pgB92X3TqaXS+sb1Gnya2b/A07JcrMJGq3w/dTN6VLyVQgAiKYWZ5/6n2fUiEsvVemYOSp2ypqxjWYtCyC3NzN0AiPFTvgZhrzTqWz7cpva1taPNPuI0ffeA8+qbry9GACXFOYA3U+zZr4MSduFs92SQIYPL7/XE86Yci3OipeYe9btWD5zzBm/mBgzmEYgSCNB/SsKiEr4DXGmKzwJBN5ArLgT8o1DFTSN0ddfGPGxauqG+qVgEEtvfWwWH37vubTU0kRIqTUlzswr8hPkPd3yqa8W2dJWJqTidufjEHlStcnu+kdcOx2Q2KN1EQBOV5wda3v4Dz1zjRdBFnzlA93qP6r7P0Zq3EBpKEtXfkAejudKnsEiGZ3jUAJjCYVYQw5mccQViy0JuZ32AGVuFahA1c/Bh2aQfqKsSCeFv11CMx/zwP6Fqt3QkQxHznV4TII7xfazOCJdsuxWG9FyIqWuh+xjdsM2CL8VnVtVy0uuKxBL+kkaUsNEP2yWtqCd8Jt29crRQLp/vddB/hSITVappv+jy1xrFFOKE93zavRCCPSAnuvRYCFQ3rOOtwA3WSHQyuN9cvfnCC3jRr4vJyH6qFdEJg/O70i5A7lQM662t05ci1YrcOEf/PpuFjEm3M2dLus9+LI9nav4uOeSN/VI0UOAtTOOQ9A0qeRjPUyX/eO4yVoZM5epS+XpYJ2u/Zy8/pPGxfEQ6h3JgYvNcKhUdiZXO8UPL6D01HnU5svLdBeBAOQEWfKU2FtNy+dj3VO+RJAE9tXSHfQLiaLIdhNESY6RWhL+Y5qVRXVlXH3RPr3iGjDF0QoktwUsf8zoCgMX44eXJFMtv9jAbBhofT/zeV3D+BUCqQGn7/xLiyyt+m71R5uxK6QBzexwdIgm5wck9npgS3O7hwa2hrG6z7/Omr+Q3DOax6mZJ9eHvLJe3a3z2j041Lcag8w4mNWyGKlVsreQfR2yFqAk/CW4FK7Oig0l+HwldZJrJlAC+/Rpsa21SYuggPG+Ku6tfQBFtk0uGE3+wimAuo4FY7DaF/+fFQN4z5jyj4o9ui53KJxX3roVEEs8zX5oyqWqhg7M78Cfno4dVBadN3qFnnCJx4qOAmve7pXOAzow0jwC1zgg4GiweGWA5YMIizDA9bI5w8rytrE6VROkT8wR7c9mqvnvYRQVTAEGdp19uHW5d+d+0WpfjtIcPXMJMd5LWTKKoTZj9Wj7a9jFGQZHX2QzTFdaFmy+3JfREoQcOHigrHl4XC75UJYyolYkD+VUMgQEMNqfg14Mayvw6M9gzY3RYx3IJZ56JEqFy28V2Zk+6GQ4KmOSh5NsLB81EV+r9N2xlo4r9gAQsjVYQcV/tpun1+z5jmkuu+IyYx9vJPwxkQ1I6tnOAETBi8p1DirjNl39KhtK5azWcMFe2rgKfo0xEbIYxvWY/g2/kRp9QIcAiLbG8mdmrPPCSszQuL1ypiOoBcCODuEhdAE4hAeV43gnbpps2JLmTkuuEh1/LkNSfvf9jspzjcA6QS6Ewmk3OVoDHc/EJCNF+FEAuuffjeKZk6z5Cwa8qZAeVn+2WKHRsty+19YiQYt1JvWCIR0XSFkV6XLbrU1Eni5QeR/nPZ5cNcWGhPA2mMTaKq3NlN44WZFClfbT4o7x4qHD8zXk83lcXiHP0V2IvKQ3jtrP5dwr3U3gdxQJGuHQNVrVXjG/mX8tbUctdZkIp7HiqtN0x9e5qW1fffBcKzLxS6QwUXpItwAsHaGZNJ6nIPrV8WKUYeR4PtbGLqUakewqozGbvMdEskobJ9/Yh2aK15FUPUcJ6RuoXkIFrJURNVyvqykMjeWFa/aZswMArr2Hl1n51m4/ziO18RX+q00suS787ltkrhc/Fnzc5bj4Oz8Ctkty3fVOUkSakdusTWeA2EQhDtpqFduhoAAAVsiDU0CYtXgbN7h2QvhjFI3xElQuBgxOea0+UOHZC+GMUjG1AMtzgFpXrGLfHjqXTriyWjlLycmKES7xvfzNlQtjXJPmznx0Yuc9NtRXyPap+SJPg6EMZEXVv65F59Ie4LKWvDwnfyQZBo60/+l/UMNMU7gmei/kuWI+QQ7fobK3H7Zgo9Ld1JLDNUw3ElZ38P0vJ0x++oEaHSr1sIy/X6zADEJBR5W6ZKvJoe01UMMzrxQA5GCRFJTGWbTXaU7DaeZjWNHcbya4q4DkBz+M18QbcGDFht0jZ1VcFvqeFRvmQrbLi0dZvuTYjfC82UlQumhYfT+FF3KnuunsJUZQRPiIw/TWBIvXTWxCkQNk0GflW95sEsAG+O3U7Ovt8IUHkwBmizuyaPUW44izMl6vUSmtrCxJb42qAReuAtNI0xrYtbVhpP7rvPqE4xjjO0FavfDH60fkX6DdoxDTkBDX+1XfsgODvZcXoOtxvYLTC4GwZ9XM+EbesGlb2tcNzNsnrKOMssMWPJdaXCZpZSeXCMMrrn9pkUYur4Kvk4OHoTUyE61FDsLdT7IopNqRbwXKq1urcRLbOt26MEWKPjBU9JwqaHP35wLUD/hlhW4eIIRpElzkuJw+GgyfAi2eSiYxwVzT1JpX4lSVIpEzltxtheRvco+gqYMO1zQedN56h75PiJa9E5fc4CTxcEj97tdzniV0/gUxzfXTaH06PKRUQZs9/eHsqjZAsCZCjU2zbxpza68zwaj4S5OzSfHWOlosLbhWcBfoKJ0jWVQJCa6uYAor6P8EJ9P9jTvN/jFCUrktWJBtr/Mbpug6MEAoLcOPfqZ6H4p36apvXByHs7dkU4uH1BM7qzP3QR4U/NUKFy1hblRoHiWxfpnt9pTUg8jLG5T7fCk1jKlAIpk101VamBD8+CwTUjFsthxepPHRTHN3oiotHevVWXLXow8X9KVWXpSpEoh0WiS9XsZBNQzWBN34Mxlg6dYiCdR0bSwjaD26kglnlDEqh20w0Og/f/oLkoE9X8AbQLew67RQY6oG4XI8cSsM29HXXal9oHkDV1krdXidA/pssPombga5QJXYQ3SPvjzWcZR09E4D8sQpYv4nNBLSCMPXvZi7L/TdVS65xCTOCoVGXAt0iAZNenFSWD260Vm1GYz9j9A0qYFDWCiB+5rJTXjRAxseRtdzeHR61lSd6VNdHPjOkBP0bW4rkxfyGVY1mwsu1lpHC+ohhn5aPYoDzMAHfEbfehfgjMZlgvVFxpCAm5CinxNx/BljWfO1ozryO5DkHWT+39IuGiO2Qaa+jsHGTZQ+ng9Xxm7g/D2F6xVlksJ1coBSgaZtnbpdVUNL2m0P/0hu42BBUlbS3fu1zxN68ihTasYAd6OzVd++1VXUhVr1mitbeI/7jQu7PYe1rnKI5f/omWxTXig8/B3Q/uZLAtO9Zs7h+Xq74PAuG47tWlu7mK6Z/Pre2ojN/WYLjh95bZ9FX8+rFmXPrx3VFaIoyFsjawnSiZe8soG+3DQLsFPmAZ97WqVOD17goInfSCt35u4xRgNGGypn/O/D/y3dzffDcSZIDshHOLhDmD+V7UytQzsM57d++e4zPHYL0+8Hf07rVzdu+R1py2jWg91fnwFIDwPGRrqxlZJhF0psCclrRzuRNhaBccoCHvO+0pAlZlewT9HCo+eW/TKDfK7wRjuyru1bKYfDP4j+QQ5BlUFbrPNfh267LbrRtNxcSseA4enjI3m8KdOdJZ3J4/NyifBNvIIFj5UPU6BroMTHldyJBaI3rEpW1jVTfTbytTjPKf30rJNWJEcOzzpxMlX4tvlJ7iNmeNXIFRwlU10AI/DZCYPY06ZFZtTAgh/yPywgJmnz0QeiSiQhaZoEuZtKAsRnNukZI+oGts9PYQdZlx8mhIKlgL2CXPQZreILS8l8xkcxx/AHT8OGq76EtPbssioUxpVQb92vBI0tOzglQHTQyC+H7XiVT2UeeXuKEwWGzuXlxTT8ltfX0nWJTu/858fG4JzX8YZDGagVZ0yqKL4QeI52OGJ+RImX/Y6yGtSKtQeknx/KDp/5Q2cbgrVs91pO3wlfPEAM2yDJHaFnvERNAmmIAZ4uIowlvgJBKt3jYMu+D0Z8ulrwZd/y6MsxzLry4rvtoTMvU8wSYdxij6eOrhWr+V8hV8mFHpGoUKl1nnZIQmRzA6xs/PcOgdLyG6PZzJJKrNWmZgi9zBb/47jmRg4V65+ZZx9tE1EYW3enc4EyM0ZKnTIRePG0MLQRfe5Dpdm2SMqnTKVsP9gxbZOYXamo5AecO+oJXqouQQZLywfzAvNSYSubsl1RXtpGLXg1Ks36bxFMtiaX3U6GiiU0eQEzEvAv4U87XjlByxOZ4VCy3jlCGFAABGENil5ikY7h09R5z/pRDYcCUSVqX+JrHTFmsmIqp9nZKfs4KvfZm5pubJZ9WPRz7JdX7fsGG4lHbd4hKgcLUcblzCRkpk+vxp5YbncdOdrEUNbqGX8unYW55iibRPuaRRlqswP6F6uMDnQLrDslzcYGV/7/IfAAsH6gbUbdU0hg+eutxvEA7DA0skdz1yuGX8MU0kjdV6KyrBIRN+g5duuykYmSFS87NzX27Xh00ujQeCmkQYmQ7U+OmsjJdXumErt5+ocsriHyLzGiZn6g0VuS5RBiS3p0E1UVhxJDiZXYYErsK5jHjnS+IrWARWcbkDTSQ4/2EEBN8OqKoqVauE+11FaS9CBnZ+U/VP713gEJ6qPFD8R8sMBKfTJdhR/MbTN0OmRvkEbjQWbpzcF/Vaorvt/BlME0kkW0TSmDyiDi7WmSYBtycBrwE+czeuix/4ZB0UDeJulMUONVzxsWpJ03GYY0W5pWmakhn8v7LpAvqM64lJzWzgioVcPcPGe98dGwqLnOpIr9fs8qUhHOXeNNyn7sju4JjuDvQYouAeM8/gLMmnLYG3wKBgRbrO+Q+XSHBKfzD0AVk02Ol3Pu0Hi7UEL9h6emmgzUf+yFTaK1XUl+x2NQuMso5qSpTFWd6e7D3lrFN6730lSJo7P+rp91wU1yDg/rfG/NO0zb54Eg6CXDvVoGtOzh7p9qRhzpwMPqZ84xIHQ77DixqqEFC6Bg8oA84EaeKiqm2ScFiY9cf/YNEHKsd9036f2QeAfdtHWilFlVAx1P+QKm5eK5y3FuIYaddYA4Hy9McPVurqeuFifTZCMEt93NsIn/UtU9Of7T1iwrxDueRRxuw5aqoUBqu+aQpdCtsyNyS1xiR6/albln5kRVKDHkEKzZ1L3e8NRaFrAGIssF0boqxdN6Fu75c1N9G6s+tyj1Mf7A1usNEKDEaBiL81hF4oHXIhBKvCuGIIujU67rxp96ltieSfk4TSNGQTU+xg6fTGScDVg06FNTOG7FWUuoMU3n0UsFEauZ25OYuNzsGYJaPL2t0Q+JoEPCklk+tRVw3YHCk5wP09dOcgb0fCpUuDqtRICvhI9iDoxZKOWKV1/fkiIgcHKayjqikWzVzNeL+i9liEeaGq7gEdmwFDRkwngxReVFCzdGAIyTFuKWUHwdcuV0DmWiNM2vi7XcY4Oc4fQLHRLbkbeNTxVvgatq18JaWiaySUe3POZ/d7MdjpxwtC3wcHnTL3tDV/pZkiST9F4e6WvuvGVxsBz3kYVq8N32kSBo6y2qArwMSC1qBr9t88IWeKdfR6HtkZKlXlyvkj21wWeJoCmn2HZkFF8Mdjx/j2zx58/r2wU0IfVmY8uIVXe0zj1hNXU/dH4mZO5Sj0FBUsMxpgOV9an979S52hER0kACoX7Vnnces1jBcZFJYtEKsMhty74QyjaKEgAHaSHJwWByL24pZVHoLJtJMSS705Cz2v2bptVR2FiXczyBbXjETF5Z3191tuVp1ni1XojZVM4uBh6zFIXa7k3tOrzmD4JKqXdJlXLMJzPNRy9Tujg1KaWevP7x/9jg3Q1TOISYNyTHv7sOM24MLaryzm12Wwlkssc9XWnwPubOOX8FVgaBEW/XuxWAcm11RNA5VA3IHxBHSA6DMTFeEVvJuBZ9kUj8Ru59g8spYpjCCm4PNrSKdPne6+ZcIA14/PiD5OAE8U+HZ8h9lXOybK35gh7Y586Mcah0TOZFsgBuvNXjwLwe+jsn+h3AjzdaVe6RsppHcdW/6Wpx/JlEtaJY3oJHKqVXWiHhvjgfIvbI3W25PJbfkL6YoSoSDNR53zYlxxAc1Ndo+O6ZHhj7X4VZzNhH+LUCq/xdrlS5LFd9hPm8kZb5u2RewFwl0SqWRUq+fNQnQ1BpVbx/9d9a849B0mo/lJDk3apl+ZGfYRqgC7vSjQjGgujDu7Qjj5ows5HxRQjj+KrrY9Z0ngjUKeSi/E7azetsf23X/NGn+sr8uASwSHaGntvLx56OgBvxmW2Z7k7sD9P6FR6Sfx1Gu2HjFp/YDa41dLd+22NupJcySF0dJxve64+X4Msf6TXjqKuxmR0L/B9rRnKU9sgq5GNvZkUjiioYcHKxpXCC4AYOz0C/h2/tmdHB2KF02viESESERQIW3JG0OvwBgUS+ehtJjhmfcg5LZe5G8el2XAY6ben7TyIRmPAR+qErGKv6crRwZZzJuOHtb6NiLaD/JxU8FuV3WCAskNGfbjfP3j/47nzwM06tYf3LGkKWThXd0tdkZCKIzXQuM/cr8KWJV1UOA/jqcnukvqZ8KP916by+nUbEWex+7y2boFBAG07sACQiStS/xNcaVhzy7ulDbXjw8siSZWiw+HPGIyO6/PDp0eg0+/tWzBNyVmvondHf+UNRTUSwrweq9q9DVHatfKFGjxlfdZFGdW0yqtKukRk4E5eZd9BmqMFKTJTfwM5zSDN8S+y9SOSNzCawS3iiPh0WoQ9o+kwC75EytyEFp1PnMHnGAAzS5RwonftBgfkrAR+o7k2tA+YF11t5VM/WhLyyhvMph9383SC287UYnT2e8D7wE8B3pQ+1YmNmRoV4cA7QHNsqDC6Jkl3PvdxkVZiDItI863u87XRF/7qo8BZL4lEng8okVu2aTx74FKpVc+NWIGEB32/3TgkZUV7pyS3K5IU0wgO4SaV4MbRHFJon/v1PPPDdTGC2odSCcB3JI5uQjlOEAhrOrf5l64Yo3etkDmGeArUhB9ZYTnwPy5IcYMcz2gX96WohwrwAyuQoe8W8xFVVGuBH53Y+VIrADlejAymsN2E4yX6tQM9lHUdXx4v5IZ+hc4KmygtlgPDXazAhZtpGQUqwx3RYIMhBzoV49nLE0GgUr18n+LvT2wo9aiRuL7TDQ8/H4onD5bt04ifaO+2ykuTNm87M4ZcIYbtnXKNXXeqB+Ss+dFhAFIAsSnwkhfYGIYoXFcJxmy8TS/SUHGNqhDhpwQCDb0nNEFyeAC102QapPb+6hTVzO4j7u2rwPmgop4lNrLqQePbehaRDPD7BIYQMinruWAp9HxPxX6hH7MZA7cFmTSV4HAtjWR54Vu0gBnJj3uDE9IruDNfn2RnJo5L814blG0M6q5NhfshoGSsZHMy2JDdHsqZxPPIzU4Vd/DvQndRQ2L3JAURY1V3pEHJQ+rQg3IHwxteWuINxbwslBCYqcB7sKP9wHWIinad1cwgK2Z0wukF/1oesDoltJhe5oz3tacwWf72bjiqsHSFOMX7jv+wFYzqvYRNB2i/HbEJgGKImn7S/J/cnVBL/wYKlbbo5febVkeDtbhJGYO8YdgVirlwysuIAU+k+NwpI1kO61pow1La1cs+kFbsnDiu4qMnqSwAD4qlKQVvPkb2gDWBPhEr3ypG+y2FZk5siMMmM5PeDkADQAaBrSUfej0jSNxW5EDNi9RtZGkn0eVJYeYvVNXd3kj5Eg8LM7Q8CHa2pZ0odygJAvNuHghXaUR10Imr/Qr7cd2/gF7NUwcElZ9ye4ikgvp19gf4CuULIM+7Kl8F3NXNB059h2AxY1c6HTDlwwcSGol+C8CBQOKJIAii4Gaik4X1Sg15y7VNoKxsvUDUxuo7PT8YiXSDTqYNW3RboGwioDEmzVnBH9QeUvAMpcPFWjN3ByD+PqhAes0+VXocDLMMGjj0JkTYFVuUc3uNSLG5g2bE5mTITNUV6+R2Yb7kRC6r8d8c1oAHOYiQfXBOMS0RP5/FV2YdOCebEqcxkF/TQPpsxktOo7qDsrmsCLCYJOLpZVq5Ng68btLYuIc4QtwLQr/hnQ6KLKBzgz/wqh+Q62QVVEOC4PPF1JB+z41zPKuAUVSfb6gdJtY5K8/P4MCmm7+JJnGD45OcStxPCNYiKwTN7fWxGMOEZYpsh0WEwgTbrwKfwwxKXdfqnFplnN3k1pNs6Xay9dkhSCNEe1mH3dySvnAoC0Y6E/FB2b4V6NxcFcCMZQHJnUIW2W4Qf+GqMGGJCjpkG8an4wZpW7c6dRP3e9YDA9erN1s5nng2px9i1eZxdTh6ktK7Unmv79H/gCsIovZ/0FDxHNEv2WcgfE9aCQtIiZgoeAgWDQZIPB4uT1iPZMbDPioIhm+UGAG4hkKNdowNzAwZ4FymtYvbfoHyYpB7lBvKjyf3Z8JPEGSbOHXRnNRTXuq3YiVfyYkq7p6ErCVx+AkRhkoWC0Sty5FihtLsw8mrlFwIrEp73QiqQu+WW/Vpt38C6/miTCuan8Ztfx8Mq7aO9ik4MKTMx2uQki4SrYT74IC5mx0Hz8zyiIUq97Xs5oU6gjjl69EKSBnOqw42M/IMKECmfhbjZyKJnBICXchlEHwo/xit8peknCrEA6SSKf8fbiwpT0BtbOSxBCBLj3UzLJg+Q2jtIKdlo7L+o++MCJgtzzcYa/0JHvkX0H9ijvu7Xpq52aO/4KsIhHH46BnKt3HmcSmN05pjdWqISFRvE39vClt/Hl06dxSHQhWpHOvtWT7kSGMlUbGdVyCL/FXOioHXyd0kTS1YAV/IKF7hyMrYU/lwryJ05DjP57dFuBsSdncra9ofuP6YywMMaCAxYdyFBZUza8/h/x03CNUMJKZQSXqU3LVLg6v/+z21yIqx7dmMwb1/RefN14yVP63ERWKul4XVW0hIZidnG5nYFkGSasw21d137Cxy8PCChhEHWxA/o+e+QWQOhxkc0L874hcKfVvVzI9+LCedjbDPMsgc0xjTCCifpNOA43zoGcPezq2IVlLUzs9OpYqsRlEVHhHMEdNrztvGMsIY8UvBh+iJpOhz0VvuLnqMqk+efm11XL/sDyRdZ6HuIrg9Z6M37lKVVd834zLbUdCQiPQuAYTS2OFiMVcAID+qQMv67dQX1r0PAuHNCF+br2k/8ecArrSqtseZkxRqGrmWsXgRpuU4+D/kXpFISpKOLf4U+EoFZ+/t9cPO+ZmKRWfQfg9g7TfXbuUfcA66VQSfD5PrmCiB/lq39LsuEUoQZI8FgRuSJjye53rQgQlu3MYNTvWP/Pf2MefIAvKBSg14/hvWfA7nn/Ae56JRFjKbFVnjPvNl5TWieleYAFhC2eu24cA3OjXJgqFZ5hR5zZ9DBrYMq1/BjiDvS7vEKAnZynUGIcZAgTI7hJnfvRBdts9KrYzRADxBQyS0zwoxrLpALokc62R9vLMYAD4t27+wgYz6RKBVBZs4yFWggqCYlAqoPgsBVAURrY8FZaU1riWDgmZtgQmKFpvWsMtqUCrNkhsOF1WVpl3kjGtJK7wAvmcZ/QbBbC/7QAtxQyCs35Jj0oAy4jkxQdWQHDXzVV3VA+7yS3tzm4kaiADMPurSv7zUVaIkVmg6AnOlX18aAQ/8Ctm2JNeShdEKVKfwWz+j7D4rTPcY87Db1JDgkud8Lf9FGyQCqzSccnBvaqAALw/ASCZw7nKA3KQmCA2S6n3sxJQAE9KBVBgQFeS7R4mZlELmOcTeJ0OZoeAzclebcADuuG4fWCHUDSicggpQKxekOL1456G9a7lFuuABPSgVQfDHSYW8ToMJG1+tVcAB+GPiopbAMpsmcKKCmQxkMQ29TIdQZr2isY64OerBnGGTLvL3rxgn4CYHPWAf0LFwEAamCHcQOOC9Ni2XAPDBD61si2ZZFoQ5xGzUxhOSm1gLUO2y5hJCt2A7oNFwomfAefUhsi52tLnCPo5isA1hydXZvnZcGoZ4BMmI2+Arm6sp4sEIW6HjSmtkeW6logAApTWvDksjHkZV0TJPJGYVMQKIdaGCy5CfD+oJLHkewECQt61lV6oOWyNyHUSWICfOB1Gy+PwEObGEoDOaQ/tRKj1npGREAfCZLIoJIYm9f92XrMqDqxN+X+YFVP0Xs2Y+81AWVKEpZ60G9cvRjz0t7LZHVwoxFd90EVx3glfA2ael+8zaUoMtPJPz46JaDjQELnzPcurRED/waiqeyWZnEtOLSwB5NaLCthTvEZU3HC8hFIzbgA9TZZeQmy0JgMaEAAAAv0IZhsmEOjU7r2CXyCxlFuNgdrGJ9wkxdNw08VNl6UmAA5fwiPthF4RUa8ZhH9nZY5rl15bqytBsr1+x/Ah6OV6/lnpttdG46D77F5KoOu6oZjLDs56Lrzo8YamMDZugPHvWwX+XD8lyaAAAAAABPcAABboADQsLLXc05PGxGBVLAa8hcl0KCR9EU+E2XgF5ZexO9uewfF1b4hjo8mdOIV4vP/fhCf37xaM4n8RpmU3epsqF4NyXxarH5qD7osJn8JRa8ybt78mYr6B1XCVwj/MmVEMTK+KyCQtMMKxbBQxI6r8dUTnOFNX/nH75HTo19dqRjvklQmoKXloMN3gdD8GJ0KV5OjcKQ8gVHuKu6awRgigAAYAoUyfot6//9K36/+wE5VifB/Nr+LQRlm1BqUWOFQX3j3mKj5PEbvmdjSqDe8+uAAAAAAAAAABim2GKXE7tmSviGjAxXW44ZoYHx3jBIGR2ficHvuOINlYr45GMn7zVTZZZfPnbb5YM2XEE00EwHYwKqak3P43dpHU4NRLSXvtDu4nGgFXrxqW5vXy0O87ybdK7XX95e5BMNl8vWr1pp9kn7dpgc4GoaV0P7ZpocBRIRW0dOnO09GT8pD+fD8no0drl7d/k/JdKcHcfvA0NCKmsYR+vVrzqlV42psd0/GAAAAAAAAAAAEtruVgFn07f5wsH/7d2f3x6nq7+q9bjuzGb4eV4a8J3IjX/8ZdmT28+9mmzGTTFHMKNrWHbYVmX0rsMLRAiwy2f+C92QVMSy+z6k4wq9g9nWbuqYO3v2T6mnkZjcCCzbN8HMdikRjsFGilpZi3+47VEFQi4laHGzzntIl2iYU1cumppY8ZtciuDkmcKzIEeyEuwMBIC/rYYlc8728jNMxTmiLRJHcy7Cq/91pwu2PNzNlvvKN0+GuyiIKP/Gw9eVQAAAAAAAAAAZRzUFsFC7ZcW/fq/PBFITNjyb02JPi0/P+UuRHWbV1hqhS3Ze+rxetpcHY+aVBXODzQyhAnEqNmX9UwbVzLTph0IIadxobTCQOmJ0gatZPNmtRADSup+srdFitv2DggOV107s6BAFmEC3QCfw48QhyPcz4SqLMNy2m+TYLNP0AnMrfbZGuxPTK7ngmj+b/ojBMKbFCUD+TRVPQcYwQS+kCIX38sQ3fbBhi6fp9JYHIUstKxDXAo2OjsaMYI+pOm1nz/5/8AAAAAAAAAAQYJKWORu3X3Iknx0Zx2XCz96sEYYweyvHbH/gYdxsa6oliMZ6+Lw1tqkqNZeMrzR7J6CGGj6YOAto5/DgLaOYrqAOzm1GHrFMskAHAYuWjMZVNYFlqY20WF1clcM3xS+3frKPZRyWGf2RwyRqg12Wlk4xC9oozaAhqU9hw0hrrUHfbxMKBoe/LcLf5D95dz1c8mUWfjPH9YVaHNam2dRgUvbl99Hpf5eNPamGMBVRAbDRfXOuygsLYgRaiuazTpuwrdRo8z24XgRAxMMUe/5k73Pos0TZLpIh5wcHqQpMuSlVb9AAAAAAAAAIMI/4hLv61WYffrX+/VCV2XbdibIWRPO3/wHhK3RvQd5Xltr42btPMLMgw/pHa76p1v7kLfTyXvY2cc6xpCl+cPwkTZ+Y3bWqzk/KDWKwmViaPw0xC5SNK0E3VnIvvOvIV23KoTRaeU8cfNdzOW+m1uHk5tEUnm8QA7uKJCBIKyLHX0dgbPAQESNKC/WmIvlrLW1DOP7Xu2wNEqBGkhBABwQ4z32YkVonTRRAnd4Bcrof9fLz8btTYksVYEyvyn7K07/vK7mo3gpZ3qIGlADsZa7DbYajxsaRgqNux9+SbUNIy7ADIQE9CHNKBft4J6PCreijsy4E9/ZfjmEoeatMvq5um0h4d1uSPtLiHO5Z0xXDvwm1kS9n6mwWXqfphlmyS6DoRkoc4+8jaBAaT72Xldt8Ep0PidYssRG5QHNRyAAAAAAAAAB/ET7W3ewD5/F89IojY8hZtv3h9OfvOlCGlc+3K/jOqxLnqGINaJyF8sVx82YdkR+wnfxswK1+/b8Oz1dgm5ypQSgLGZBDHQSnjIwF/SCWWv8allO77dgRRueYFDIde/dx4VKcT2QhsH7EvPOpV66+zez3vsOuQr3tBQ6gusJWHfQfUNqtViBylxlys7IuCeLE32BSECOAH/MReX68pB3opp3C/WNwhc1zBEkVCJwu+lAItsQdgZHMyGCAAys3+Gwm0e3nWoB9G4ald1PXp/aiBPqmQhuzCBXLALKPTInZiI6lHWVv0BhVKxSbQelGIICnraFKt7EEDCniyu2aJ+Fakjowap7EwjotACqgoCUw69xTuqRKGPIqs9yy9VF7BdSmABVHciF7gY5gJbfTT8mn+NIXxltVA/RpVOQ18lqq/MinXbX6IU4JJuGtwL2ReKtFw1q9eFCXnRZYrCHFHe1g0VwRq+hEBA/aAxfivUqKoJZ5fwzTsGs2nqZqtMd4Z8N6tMatRGK9KvuAr26iTt913yLWUseauWq78zuwMc60gsPfmThygvzmUHR/XviZ64Vjj3GRb6jIDCZOaiESe7xbNSuBZN7mRXvguotPVLBRwEqT2u63Dx3AauafJYzUK8AAAAAABTcax86X3VyQgpIgswW0LlOp4XJHJEHko5d8/clw1VP+9oCZw/W0d++C8bhMKs/IUNNuBdClIuIAKrXnJojUjCBHXdmtyf93OcZqd7gkCcSX/X3GrYgGQBQ15zYUoX6bThFf5a3IE45Go0T6gwozhH/nCKnTZ5jyZf/x7Gh2W9A8Pj3qbgYL8W3YpvC+qGpSdgG1l4fynVCmv0EfjRZOkAA9mlju3aYVvGRh0dfpy2z3mT++DF1T5I6R45bKN8i5g7PBrSqf4xTQCPzAlDwJfLtFuYGJJkfTwq4Uq+Zz/xKh+t9JD1GKsbOXUfjm9u+D0jaeMAQdV7Zon4VqcRpZVuMEf7ApI5g3RKp5/8x2AaVqfHGvAQ1doqcxdiAJ5lHpylbDcKAtsGcUsRCqU75Ib4MsaKoILykOKOKOKNRfgBOULXRjzsW+JDijijiiThvPUgCoAH7DYe/6FrjV3SL4ozIJg/3iewkvAJrRZAvte7oD8qjqji5VqKbJz1U2fUwp2+teuKq0L4gBaIVv8W2JnHxXwIBPQuQKw2s1P/Ry+8etOEghtRbK3MSLFEzX7NgFOORqHE6pxZ33ZY40fdyPnEciPoGiLct2Lh/L3/x/YX/BpiIbUT2MgtfBUqKngFgbk108DuQhC1KqnBY3VwagVRS7M2HgOKvgydeZoPmm6BaUNbe3gykMOIEAAABCKYy8K7VttwkEfFZGUcmvD29t9hAqrj7REdklu3Q4iflcaCE776EGjYaB2LzGHgZ13X9tyBN1svnJA3KgGDLQZzTmdlawLT3Eb9/itBkm7W9PQKbI4W2VVEkBiWvhQgSS9Xxk8E7sjruBEGfnCW8D3X5LY9cHXQ+/OwQdmt7CHrZ76vWNNBWxZlpIGjLv+HXammPUP+bu5t+NeSF1ei2iy/0qtKgDUAq+HxPYvZL10YTgqtPvz9maovGkCWmCCAxndWNq2Ny2PaWe8gQQAQxJRWrAsoJ/DRax1ugDSl15+m5CG5qRCKvgPiSAoezgAAAA=', '2025-04-03 07:44:48', '2025-04-04 06:30:16');
INSERT INTO `subjects` (`id`, `name`, `icon`, `created_at`, `updated_at`) VALUES
(3, 'Fizika', 'iVBORw0KGgoAAAANSUhEUgAAAgAAAAIACAYAAAD0eNT6AAA320lEQVR42uzdsYtlVx0H8Lm/vXcVDJpOAhHUaCOp0khSSJAVXMH/wkYbwc5UdmI58W/Q1iJhERLQRhAst0wbYpl0FjO+53mwxM0yE9679717zvndz4HDws7sZ8/33LvzZd6+Offq0aO3H5Y5XS0Yhz//zHnI423Ye7PM6zKflvlpmfvDHIbhxXn4/ZMn70u9/5b57zL/UeY7ZX6rg/uFx6vrpQrD49XxXi3zvcTl2qP3nzJ/X+a0gfuPx5vnZQ7D463gvVHmJ42X4Za9v5X59cT3H4+n/Hm8Ct4rZX7cURlu1fvr66//4KsJ7z8eT/nzeJW89zssw0164/jgVwnvPx5P+fN4Fbw3ey3DjXqfvPbad15KdP/xeMqfx6vkvdtxGW7Sm6bxZ4nuPx5vsZcqDI+3ove05zLcqPeHRPcfj7fYSxWGx1vR+6zzMtyi96dE9x+Pt9hLFYbHW8tLUIZb9J4kuv94vMVeHPF/BMMLX/Rurr5k8Hhb8YbhGfU8uN9f8XJ4rd9/PN5SLzKF4fGUP0/583jHeZEpDI+3ltdyefGUP493jBeZwvB4a3mtlhdP+fN4x3qRKQyPp/x5Dd8vPF5TXmQKw+Mpf16j9wuP15wXmcLweGt5mctwa16P9x+Pdw4vMoXh8Vr3Wi/DrXmt3y883kW9ng4t4PFa8c54SM1vy3w0Z07T9NMX5+H3E3p/OdOhQU8S3X883nIvVRgebyXvjCfUPe4kb03v+kwnBj7pJC+Pt4oXKV7G4PEa9rxsvcyLMuwfj3d+LzKF4fGUf0rP/vF4F/AiUxgeT/mn9hbtX8QwdJaXx7uoF5nC8HjKP623/KcHCtdRXh7v4l5kCsPjKf+U3hnK/0r583gvjMgUhsdT/vm8XRnKn8c7vxeZwvB4yp937/UoXOa8PN6pXmQKw+Mpf95912O32++z5uXx5niRKQyPp/x5rgePd5wXmcLweMpm257rweMd70WmMDyestmu53rweKd5kSkMj6dstum5Hjze6V5kCsPjOZ52e57y5/HmeWOmMDxeb4fUTNM4dpZX+fN4SbzIFIbH66n8HU+r/Hm8ml5c/X+c5S/n8TbineV42o7yLvWaLv/W8/J4l/AiUxgeby1P+St/Hq93LzKF4fFa9+46njZzXuXP47XrRaYwPF7L3l3ldXNze5s1r/Ln8dr2IlMYHq9VT3nZPx6vNS8yheHxlFc+L8qwfzze+b3IFIbHU/4pPfvH413Ai0xheDzln9pbtH8Rw9BZXh7vol5kCsPjKf+03jkOXfKjlzzecyMyheHxlH9Kz6FLPN4FvMgUhsdT/vm8XRnKn8c7vxeZwvB4yp/n0CUe7zgvMoXh8ZQ/777rsdvt91nz8nhzvMgUhsdT/jzXg8c7zotMYXg8ZbNtz/Xg8Y73IlMYHk/ZbNdzPXi807zIFIbHUzbb9FwPHu90LzKF4fEcT7s9T/nzePO8MVMYHq+3Q2qmaRw7y6v8ebwkXmQKw+P1VP6Op1X+PF5NLzKF4fH6Kn8n1Cl/Hq+eF5nC8Hhrecpf+fN4vXuRKQyP17rneFrlz+O14kWmMDxey95d5XVzc3ubNa/y5/Ha9iJTGB6vVU952T8erzUvMoXh8ZRXPi/KsH883vm9yBSGx1P+KT37x+NdwItMYXg85Z/aW7R/EcPQWV4e76JeZArD4yn/tJ5Dl3i85d7y8ejR21OZD5+b07MPvVnmdZlPy/y0zP0xcxiGF+edn8fj8Xg83sa8mzI/LvODMn/98svf+OZd/Vut/COGV8uH3kuy2Twej8fjtep9+uDBg9+89dYPv1K9/Mti3igf+iTxZvN4PB6P15QXEX9+6aWvjUv6fOF3/vHK4aWJLWw2j8fj8XiNeddLvplf+n/+7ze+OTwej8fjZfYezX0lf9Eb/jrZHB6Px+Pxsnr/nPtK/tzyP4x3O9kcHo/H4/Eye9+d8838kk9+2tHm8Hg8Ho+X1fvFmuV/GJ91tDk8Ho/H42X1frdm+V91tjk8Ho/H42X1ruf0ebzwyU0fh8rj8Xg8Hu/ucWqfh/Ln8Xg8Hi+Pd2yfh/Ln8Xg8Hi+Hd0qfh/Ln8Xg8Hq9/79Q+D+XP4/F4PF7f3pxv5kP583g8Ho/XrxcRs76ZD+XP4/F4PF4a7+g+D+XP4/F4PF4K76Q+jwbK/50yf3KY0zQ9HsfxC7N4h4+dNHk8Ho/H68D7V4XyXz7OeALS43tPLJo5eDwej8frwHtyjhMDI+KPc9YVc8Os8e5FHo/H4/F4X/7K+66MOda4LMzy8p+mcWx5s3k8Ho/Ha7X8l/Rv1Cv/Z2EK1+pm83g8Ho+XsfwP64u65X+l/Hk8Ho/Hq3BoUMwNo/x5PB6Px+uz/K/KiOphCpf54vF4PB6P1+JxwVE7zM3N7W3Wi8fj8Xg8XqvPCohMYTLfDDwej8fbhrdWX0amMDwej8fj9eyt2ZeRKQyPx+PxeL16a/dlZArD4/F4PF6PXo2+jExheDwej8frzavVl5EpDI/H4/F4PXk1+zIyheHxeDwerxcvYhhq9mUofx6Px+PxanhD1b6MVsu/jDvD8Hg8Ho+XzFvUl1HGnPWF8ufxeDwer8/yX/JsnVD+PB6Px+PV8PZVn6obyp/H4/F4vPW93W6/r/lU3VD+PB6Px+P1493Vv3O8mBtG+fN4PB6PV7/8d2XMscbab2CYpnFsebN5PB6Px2u1/Jf0b1R/92LhWt1sHo/H4/Eyln8ZU/T4ows9Xjwej8fj8Vp6z13MDaP8eTwej8frs/yPPl6wzIfPzenzUDNmCfOFOU3jz+dluH99PB6Px6vu/ejw9X2aps/ns6/3j+fOy3vTj1fevyen9GWZ933u9Zz1zQ5z34JnhHmc9Obn8Xi8zXrDMHx0X3nN7Y8VvI9W3r8nZ8p7PWd9sYVHHvJ4PB5vde/qnO8Za9nrtS8jUxgej8fjteG1Wtat99Ga64tMYXg8Ho+n/Hvto7XXF5nC8Hg8Hk/599hHNdYXmcLweDwerw1P+be/vsgUhsfj8Xh9e8p/vfVFpjA8Ho/H69fbWvlHDEPN9UXLF6/1m5XH4/F4bfZHH300VF1ftHrxWr9ZeTwej9dmf3TYR4vWF2XMWV8ofx6Px+Mp/z7Lf8mzdUL583g8Hk/519i/fdWn6oby5/F4PJ7yX3//drv9vuZTdWNLm83j8Xg85Z9x/+Z4MTfMljabx+PxeMq/1f3blTHHGmu/gWGaxrHlzebxeDzeNsr/4G1p/+LqtHGBdy+WOWtz7l8fj8fj8RZ7TZfXhbxm++jcecuY4tQwW9lsHo/H47VZXsp/efkf2HFumMybzePxeLzF3vdnvAw+a30ffvj3X5ZfrzP20aXK/6qMqB6mcElvfh6Px9u0V8q/6fXdVa6tr+9c5X8YUTvMzc3tbdabn8fj8bbq9Vj+h3Ld0voiU5jM/5h4PB6Pt40+Wmt9kSkMj8fj8Xg999Ga64tMYXg8Ho/H67WP1l5fZArD4/F4PF6PfVRjfZEpDI/H4/F4vfVRrfVFpjA8Ho/H4/XURzXXN2YKw+PxeLw2vHI4zwfll2+v1B/f6LGPIoZhv6+3vlH583g8Hu8C3qH8v5fluODL7N9wYKqtL5Q/j8fj8TK9DN5hHy1aX5QxZ32h/Hk8Ho+n/Pss/yXPMgjlz+PxeDzlX2P/9lWfYhjKn8fj8XjKf/392+32+5pP1Y0tbTaPx+PxlH/G/ZvjxdwwW9psHo/H4yn/VvdvV8Yca6z9BoZpGseWN5vH4/F42yj/g7el/Yvq714sXKubzePx/sfe+fPIkVVRvOtOtT3+ACQkkHil/RDAijUSDiAhJ9qAyAhiiPYT2CJCEEAC0YY2K8Zem02XkE3GwSLhBBJIVmO6p4tbmJHGQ/dMd9Wreueee5705F3/+ened899p+dVVZd44mGa10Q8WD+a4qTDIj66EFH84oknnnhZeTJ/zKftbGgyzIstnnjiiScepnnJ/Mvd42DVk3Ecs/jFE0888bLyApr/gnn9rsZntZNZrdZrVvGLJ5544mXlRTT/bG8JNKZkmJtJPPHEEy8YD9as0f1orviMKRnxxBNPPPHov+te5l8oPmNKRjzxxBNPPJl/VD+aOz5jSkY88cQTTzyZf0Q/qhrfvXvvLX3eujSXN8C766Ync3Xu+rv3r3BHxzeS9xWfjw6dZvaLq/Piz4Lxfla6HuJNz1sul98m0d+UvB+VqkeQfCfj7bl+p7v84RD/MLOPjo6OfuK//2Do7P/9lbmL98OZ+/fxQX65ez4cEN/wZAqZfz/vg22+d7fFOSbfYLzT6GaYkddvaCT6m5L3pFQ9guQ7GW/P9TstEV+vbeL+fVyoHg+HxGf+h9DHGKXjQ88XnYdeD/G49YeuZ/R8I67fuQ/gfhvFM2uamvUwZPGjFw+9ObPVQzxu/aHrGT3fbOsXo3+bqvmaisfZnNnqIR63/tD1jJ5vtvXL1r/mY0h8puLxNWe2eoi36M59sOoPXc/o+aK/Mhe9vujmP+ZdBqbiUTZnmnqIJz1r/eK+OAe9vtPzuqr1MBWPujmp6yGe9HzoDVdaP5k/Em+z6bqa9TAVj7Y5qeshnvR8OK+BNa+APJk/WP8O4bVDk3n69EWa4gVsTup6iCc9VzSvi/0vUr7FeTPr75uLa8aRj08++bTUo4P/9Pr+Llr/bnwMYbW1b2BYLts22mKjN+dYHnI9xJOeh/AC3cAl3v+PH/RzF8+9r2R8L/2X32fpXxuSDOqxHPpiB+RRm2E2XkD9FeZ1C5m/eFH3vylOei3iowsRFzsgj9oMs/EC6q84r7/hSuYvXsT9b6rLvDY0GdbF9tgiipVa/OLJ/NHuiWHOVzzu/r0cnw1NBvhYblR8x8e322BiLc5jNsNsvIj6Qzd/1YObx9y/V+Oz2smsVus10ubrMeqYj9QMs/HQ9YLOUz3EY9LLtviMKRnd4ENdD/GI9ILOUz3Grx9yfNn0sis+W2wf0MmUjs+HzB+7HuIR6QWdp3q84Wk/5dDLdfEZUzIleJ2PUuLy//7U//dj5/3B/3fQNGs+ds6lOTnvBZMZZuMV6Lcv99FLwfj+vIee/xp1f9kjvs/A94OtU+YP27/D4+uPCXzeujSX14C7m6Ync3Vu+3v3t7BHxTeG5zHe3ZbLkHzv3Dl+t3R84om3YzzY0W+HztN94ivRHz737f9HB/Cum0/+x9P+NwPP8z29yLOUXmbgnc68fo8L5ftwSHwW/RpGaZ7HWCzfs7PXa/R8xePgHflA7jf0n+TQ80XXX7ZHJVn0YkzJoBXPJ2W+4uHxkPtNmzn3/oe+fuj1qBmfMSWTrXjiiXfBQ30XhDZz7QfSy/WvqK4ZnyEXL5tY0fMVD55H/cpX9H5Djw+dl00vb3hN1fgMtXjZxIqer3jwPJm/9oOwvGx6Kd2/5mNIfCbxK1/x4vPOfbCav/lA7jftBzL/qB/eTeJXvuLl5e36LnTWb5TTfoCvv1zm31U9uWtPTp5L/MpXvIS8gJvvKJ5Z0yCvH7peBvC+CKi/L+Zcv/4V1TVP7lqJX/mKl48HuvlOfEzawF7mQNfLQN53ruFBf6OmD+h6lDq5M8ZjOfTNEj1f8bh5Oc1/scjyvQvZeDL/xWLjYwirrd2cy2XbRltsNbt4UXkBzb/b+BgbH+oNXOj7HzpP5j9Of8Z0LIe+2OjNJB43L6L5l83Xcc5jvSyBrj+ZP54fGdmxHPRiI4tLPG6ezL8/Ju068ssSsPqT+WP6kQ1NhlX8Hhv85iaeeHo07/B8gV90Q60/mT+uno3wWG5UfMfHt9tSi+25wjeTeNw89Bv0+mvgwfKl3v/QeTL/snpuayezWq3XSGJofJRa7P7DBLJYxePmld48fEBfA9+VL3I9+v2PVX/ZzD9g/3YW9ZPMrsVG2tx8wopLPG5eDPPH/frhgPWg1nM23lx6aWX++JsbuljH8PybKJ/4L9+NdMPaAbx3fJ5GPzb0AX0NHH1/QY9PvJzmv/BhDJtRyeJ1PmT+POJH52Xrt23XwHPli73/iZdLL5Z5M9rGOzt7vS6Vr+dKLVZ08aPzsvXbrmvgmfJF3//Ey6UXy7oZ7eJ5jMXy9Q8TtDf4oIsfnVe63458IPcbej3Q80XvX/Fi6sVk/tPl65MyX3Txo/OmuDsaud/Q64GeL3r/ihdXLybzV741eWZNg2wOQcy/KZkvcn+g9xt6fOJx73+HxmcSv/Kty2tgzSGp+cPenY/eb+jxice9/w2JzyR+5Uv66KXMX+av/UC8KLxRejEfQ+IziV/5Rhc/utnMYP7duQ9W8zcfyP2m/UC8qB/eW4lf+dbldbTm37Pef/9b0PXYlu+evHe2sfqvv258XFq7mx6tfaUbHCP3r3gI+9/Q+Fr/JjaJX/lW4/WvaGU0/wjvghiT77ZvOPQPO9A/KZk1jfYD8Yj3v4PjM4lf+UbkoZs/+rsgAl7m0IuHxBPvGv0N4dnAZoc+lkPfLNHzRedFMH/kr4POaf6LRZbvXRCPm7etfzc+hrBatveBo2+W6OJC58n805l/t/EBXA/q/U887v61A5sd+lgOfbHRxYXOi2b+zqJeP/T3vW978RDzZQn0/hUPz4/sgGaPcCwHvdjI4kLnRTP/i3dBsK5fPPPvj0m7jvyyBGw9xMP0I9uz2aHfB15ysT02mT+5+HfxWN8FkU3PE+SbZv8TL5eebQ/zj3YsNyq+/tGtgs+Bw4sLnRfV/FnXL5teAl6WoN4PsvGm1nN7g/lDvw98iuI1Pgou9q+fPfvTl5doo44hzZqmT3di3t/8Pz6Y8Vj45z4f7bpB6gpub72A8F4xbx7ZNssM+594ufS89QOAXhFc7CfDbzijGO/NP5+c93Lma8KfRbzGjM4L2G/U+aLHJ15OPZvMP99306PfECbzT9dv1PmixydeXj2bzP9tXueD2axl/ty8aP3Gni96fOLl1rPJ/N/m9Y9usZq1zJ+bF7HfmPNFj0886dlk/m/zPEZKs5b5c/OOfETsN9b9BT0+8aTnfpjMX4+qyfwpeOo3xSdeQF5NvZjMX+Yv86fijdYLcr7o+wt6fOJh8cyapqZeTOKX+cusaXjUX0+Lvr+gxyceIq+pqheT+DnNWuafjifzV3zixeWN0ov5GBKfSfx8Zi3zz8c798Fq/uYDeX/Jtv+Jx/Ph3SR+LrOW+Ys3Vi+6wVH7n3hz8bqqJ3cm8fOYtcxfPPL+HXlM2jTJ1088MF7/LpeaJ3cm8XOYtcxfPPL+Hd8fjku8fuIR8Uqd3BnjsRz6ZonOk/lz8wKaV5H+yHJZQjxu3rb+3fgYwmprN2f/StVoi81s/ujPgYuXzvy7jQ/gGxyp9z/xuPvXmI7l0Bc7II+6mbLxIpp/0Xwdx3xZAr0e4uH1r5Edy8EudkAedTNl48n8+2PSriO/LAFbD/Ew+7cdmgyr+C9iK7TYv/X5L/NR6ppNP6bkef7/mLMeJyfPv++/fP3QF93c9Nw7CO83ff0XNwy9kjvGZplh/xMvpZ6v34x83ro0lxcxDJmezFtzuWy/NzCJ3fGNGHfuHL97NcYRud4tHR8h78lNehlQDxTe3Rnr8aBQvqeAenlUqB5PLjG1/4mHwHtcaL96OCQ+q/2TyGq1XiO9mMZjLHbMd3x8u0V+cQ46L+Blk//yWNcvm14y7n/i5dKzMSVTonglzcEnrLjQeehmja5n9Piy5Ysen3g59WxMyYzgQd/ggy5WdL2g89DXL5tessUnXl49G1MyJXidD5k/j/jReejrl00v2eITL7eejSmZEryzs9frUvl6rtRiRdcLOg99/bLpJVt84knPxpRMCZ7HWCxf/zChG3xIzBpdz0c+kOND10u2+MSTnvthTMmgFc8nZb7oekHnTVGPAPHB6iVbfOJJzxfDmJLJVjwGnlnTIJt1wPqOzhdZL+j1QI9PPO7979D4TOJXvnV5DaxZB6wv9dMr6PVAj0887v1vSHwm8StfUvOS+cv8FZ94UXij9GI+hsRnEr/yjS5+mf+iO/fBav7mA7keEfUiHvX+t3d8JvEr37q8jtb8nQVfj2359jzd4Kj9QLyQ+99B8ZnEr3xr8vpXtDKaf4R3QQTU88hj0qZJvn7ice9/B8dnEr/yjchDN3/0d0EE1PP4+jou8fqJR8QrdXJnjMdy2iy5eRHMH/maekA9F6lHlssS4nHztvXvxscQVrs4fBRtzuWyLXpM6gN6s/SxRM4XnZfN/NHXbw69bHwA14N6/xOPu38P/QAAfSyHvtjo4qrEe+XzJaf5N/+WnoHyddxVnvY/8aLwpujfQz4AQB/LRVhsZHFV5H2w5zEaS77Sc6V8t91wpf1PvAi8qfrXhibDKn6PLd1mic6T+WNuHpnzZd3/xMulZyM8lhsVX//oVsHnwOHFhc6T+eNuHsqXb/8TL5ee29rJrFbrNVLxGh+oz4Gji1Xmn2vzUL58+594ufRsTMmUKB7qc+DoYpX559s8lC9PfOLl1LMxJaMbfDh4Mv90/UadL3p84uXVszElU4LnsekGH5l/WF60fmPPFz0+8XLr2ZiSKcE7O3u9LpWv50otVpl/7s1D+caOTzzp2ZiSKcHzGIvl6x8mdIOPzH8W3pGPiP3Gur+gxyee9NwPY0oGrXg+KfOV+ePx1G8yf/Fi8mrqxZiSyVY8Bp7MH+8GVuR80fsNPT7xsHhmTVNTLybxK1/xaHjUT6+g9xt6fOIh8pqqejGJX/mKR8GT+Ss+8eLyRunFfAyJzyR+5StefN65D1bzNx/I/ab9QLyoH95N4le+4uXlbdOzbnDUfiDeXLyu6smdSfzKV7ycvIB6HnlM2jTJ1088MF7/iuqaJ3cm8Stf8fLxAup5/E9Kjku8fuIR8Uqd3BnjsZw2S/HEo9JzkWPSLJclxOPmbevfjY8hLKvdnMtlC/3K3JGb5R9PTp6fXp5Pn77o5+c+/3Ix/fc/93k6YBbnPXv24gS5HuKlM/9u4wP4BsexH05+hbwf7OIh64WZV7p/W6ZjOcDF/lrp4k3N6zrcu8HFy2f+RfN1HODJxFeR94NMekHnTVEPIzuWg13sgDzqZsrGy7aZbz8m7TrgyxLUPHS9oPOmqocNTIb2lbkeG3wzyfzF02ZeN1/w/pX5E/GmrIcRHsuNiu/4+HaL3Ey7eOTPgYunzZwi34j7AbNe0HlT18NqJ7NarddIxfMYdcxH2kzZeNnqi54vev+ir1823hz1MKZkwB89ouahN1M2Xrb6oueL3r/o65eNN1c9jCkZmT9tPcRTfcPmi96/6OuXjTdnPYwpmRI8j003+BA1UzZetvqi54vev+jrl403dz2MKZkSvLOz12vW5oxYD/FU36j5ovcv+vpl49WohzElU4LnMVI2Z9R6iLffOPKRqb7oekbvX/T1y8arVQ9jSoaleOg89Hok5aWpL7qe0fsXff2y8WrWw5iSYSgeOg+9HuKN1wtyvuh6Ru9f9PXLxjNrmpr1MGTxoxcPvTmz1UM87m+ERNczev+ir19OXlO1HoYqfvTioTdntnqIJ/Nnig+dF7A/0Hmj6mE+hsRnGZpTzc5dD/EW3bkPVvM3H8h6Ru/fC16Wy0QBedU+vJvMn7I509RDvDc88ndBwOoZvX/14jB0Xle1Hibzp25O6nqIl+7D+8hj0qZBXr+APOr+mIPXv6K6Zj0s0eaxL+/vPn98dfpj1j81s7em59v/2Y0zGO/DqM2UnPeikF4+RMu3bduPSvSHz1+Wig+4f2fhBewPKt6Ak7ty496995YeQHdp9skMnfd7ns9bl+ZyTHziiSeeeOKJF4D3+FDP7P12i/8+HBJbOyCZosdyy2Xblvxk1McnnnjiiSeeeGy80ifvVs38L5JxHOpiiyeeeOKJJx6j+ffx2QF/Gfq5Y/TiiSeeeOKJJx6K+fdYG5qMzF888cQTTzzxYpr/wodVT8ZxzMUTTzzxxBNPPDTz74fVTma1Wq9ZiyeeeOKJJ554iObf44wpGWYxiCeeeOKJl4M3l18aUzLiiSeeeOKJF5n3H/buIMVtKIiiaOthbzh7yK56kH3ZWNE4dKCRQfWr+mgBBz/JcCcS/8peZtIYHo/H4/G6elf3MpPG8Hg8Ho/X0avoZSaN4fF4PB6vm1fVy0waw+PxeDxeJ6+yl5k0hsfj8Xi8Ll6ybZW9jPjzeDwej1fhbaW9jPjzeDwej1flvd/LJDnz+7Ji/I/ry5vN4/F4PN4wr+xgvYg/j8fj8XgV3l56qm7En8fj8Xi8673Xa98rT9WN+PN4PB6P18f7qr9nvJwdI/48Ho/H49XH/3VcZ6xb9QsM9/vttvLN5vF4PB5v1fi/09+Uv714cKvebB6Px+PxJsb/uO7p+OlCx4fH4/F4PN5K79zl7Bjx5/F4PB6vZ/w/jivlYw5u8sPj8Xg8Hm/Fr+1SPebxeD6nPjwej8fj8Vb91D6Txkz+M/B4PB7vZ3hX9TKTxvB4PB6P19m7speZNIbH4/F4vK7e1b3MpDE8Ho/H43X0KnqZSWN4PB6Px+vmVfUyk8bweDwej9fJq+xlJo3h8Xg8Hq+Ll2xbZS8j/jwej8fjVXhbaS8j/jwej8fjVXnv9zJJzvy+iD+Px+PxeD3j/87ZOhF/Ho/H4/EqvL30VN2IP4/H4/F413uv175Xnqob8efxeDwer4/3VX/PeDk7Rvx5PB6Px6uP/+u4zli36hcY7vfbbeWbzePxeDzeqvF/p78pf3vx4Fa92Twej8fjTYz/cd3T8dOFjg+Px+PxeLyV3rnL2THiz+PxeDxez/h/HFfKxxzc5IfH4/F4PN6KX9uleszj8XxOfXg8Ho/H4636qX0mjZn8Z+DxeDzez/Cu6mUmjeHxeDwer7N3ZS8zaQyPx+PxeF29q3uZSWN4PB6Px+voVfQyk8bweDwej9fNq+plJo3h8Xg8Hq+TV9nLTBrD4/F4PF4XL9m2yl7eFoj/78/PP7/+d3P+/XnfPT+Zx+PxeLyVvX3/+Mvevf/aUdV9HJ89s3d72nN655QUeEppKs/zKJZHn5KY6A8kijjqiVS8JAoKNfECSoMgF4uioIhGTRtBxBtqxXiJEf8BleoPkP7iLQokUhPwwi1gaEMpxzOufdI5q6V7n+4z/ew9a33nvZJv+MW+Mt9ZK372Wmf2nv+rc7PcDmDn/4p+XlHMKgv1Ejw8PDw8vPC9ROKlblTZzKfDDH88PDw8PDw8had/t05K+OPh4eHh4ZnwFpTnKeGPh4eHh4cXvbfgzXwacDN4eHh4eHh4A3g+/Ic8Xve6czvuAoojqttJ5er+ezw8PDw8PLxK3q6kwkirhL/7TyumT0Z4eHh4eHh4R4+U8MfDw8PDw2uW183z9ATCf9ryzcHDw8PDw4vEm66ymU8rhn/hxmMR3Rw8PDw8PDyr3j+qbObTCuFfftXggYhuDh4eHh4enlXvgQWF/6D/Y1eLjqhO4sf2QJ+GxMPDw8PDa4p3wNXSanle/X+8ytVTEdwcPDw8PDw8q97O0Ya/H9sjuDl4eHh4eHgWvcdcnTTa8Pej5erugG8OHh4eHh6eRe+gq9fUE/5+ZK5ubcDNxsPDw8PDC8F7wtW5NYR/3/FaV/cZvdl4eHh4eHghPPC3a/jH/tW/trAxy7IPuLo5TdM7XX2jW0mS3Fm1SqNbeHh4x/W+kyTJTA3/5/Y3I/cPDy8kb6erq11NuVriKqk7/PHw8ML1ttW0sznkaoOB+4eH1wzPVDN4eA33VqxYniVJ8lCNx5p3xHz/8PAa5ZlqBg8Pb1vNf9M85P7thojvHx5eczxTzeDhNdvzu/8aH2jqPvsT6f3Dw2uWZ6oZPLxme5cG8jTzofHxpS+J8P7h4TXaM9UMHl6DvMzVg6F8lSlN069Fdv/w8BrtmWoGD69h3iWBfY/5kKvTI7p/eHiN9Uw1g4fXMM/v/sP6EZPbI7l/eHiN9Uw1g4fXQO+SQH/B7HlXp0dw//DwGumZagYPr4He7O4/4J8vvT3w+4eH11jPVDN4eA303htw+M+dAgR8//DwGuuZagYPr2Fe5uqBgMO/rNsCvX94eI32TDWDh9cw770RhP/cKUAD5gMPLyrPVDN4eA3yZnf/EYR/WbcZnw88PDueqWbw8Ox574ko/Lt10NVphucDD8+GZ6oZPDx73uzuP6LwL+srRucDD8+GZ6oZPDyb3nsiDP9uHRwfHz/D4Hzg4cXvmWoGD8+mN7v7jzD8y3cE3G5sPvDw4vdMNYOHZ9e7ONbwP1wHJyYmzjA0H3h4cXummsHDs+vN7v4jDv/yFOA2I/OBhxe3Z6oZPDzb3kWxh/9h76CrUw3MBx5e3J6pZvDw7HqZqz8bCP+ydkU+H3h48XummsHDs+tdZCj8u/Wcq1Mjng88vPg9U83g4dn0Znf/hsK/rF2Rzgceng3PVDN4eDa9dxsM/7lTgAjnAw/PpGeqGTw8A97s7t9g+Je1M7L5wMMz6ZlqBg/PiPduw+E/dwoQ0Xzg4ZnzTDWDh2fEm939Gw7/snZGMh94eOY8U83g4Rny3tWA8J87BYhgPvDwTHmmmsHDs+KtWLE8c2H6J3FYPyT0vKXxdoY8H3h4Fj1TzeDhWfHa7exicfg/78zLVV6WZdvE1/fcsmUTG0KdDzw8i56pZvDwLHivfOXZi9O09UfxW/i+2ul0plTe5s0vW+L++4DIK69xVxPmFw8vFM9UM3h4Frx2u32x+G/0z4+Pj28qPwAIvKLbq7vO90k8X89NTIyfbn1+8fBC8Uw1g4cXu7dlyyvG/O5ftrO+o3t9nU57ShXWXe+ss146liTJg+IHCL9seX7x8KLwTDWDhxeJ53f/ivD3u//D15erwvqIfi+Rhb//RsApVucXDy94z1QzeHiReH73Lwh/v/v/2hHXl8vC2o/M1YPirw5+2eL84uEF75lqBg8vIs/t/i8S/0390NKlSzYlfuSynfrR41Jd+PtTAGvzi4cXtGeqGTy8iLzu7t+F4R804e93/8nRI5ft1P3wpwDaHw36kqX5xcML2jPVDB5eZJ7b/b9L/It8h1xt6PcBQBDWLx6X6sLfnwJYmV88vGA9U83g4UXmdb/3nyTJ78VP09+RHDty1TF9n/cWPCT+ueAvWphfPLxgPVPN4OHF6b1THP6HXG3o9wFAslPvPbZV9/qfAhiYXzy8MD1TzeDhReZNTq5J/e5fEv7l7r/XyIXH9Em/UwDxi4K+GPP84uEF7ZlqBg8vPu8dwvD3u//eI5f9jb7/2CZ+6+BzaZqui3h+8fCC9dLD/y1cvXCCbxVquUrw8PAG9lqudizUa7XmKA8Wc5n8bVd/VXhVhvva4W7nPazy3BhzdXWk84uHF7Zn5ZMMHl6E3jtkO3+/+z8j6T9y1d/o53+XQfZ+8bsMDrjXI58W4fzi4QXtpWY+yeDhxeX53b9up36Xq30ar3q/Gzeecbf778O9vIr9Lt2/f/+Vkc0vHl5UXtSfZPDwIvPeLtj5D7b79yPXPaA3f79Zln1A/LsG+9M0XRvR/OLhReOZagYPL3Cv5ep34p/PvTM5/sh1D+jN3697FqDb81/EDzh+IZL5xcOLwkutHWPg4UXgvc3VZuExfde/VeAp++3W58QPOF7mam0E84uHF4Vn5pMMHl4knt/9636U5+vJAKPTaU/18CrVgP12XD0sPun4QuDzi4cXjZda+SSDhxeJd6Grzaqdut9pD3J9raHv/Ptdm6ZffwoQ8Pzi4UXjpZaawcML3Gu5ukF8TP8dV/sWcn2Kp/MH69dfn7DfcVdXBTq/eHhReamlZvDwAvcudHW2Jgz9DruG8E8G69c/nyB+JuFyV2sbsF7w8IbqpZaawcML2PO7f10YftfVvsGvrxhl+Pf4fQJF+PtTAOPrBQ9v6F7UDzDg4UXkXSh+X/4hVxsXeH256nv5Fe7f+yv127/2u1preL3g4fGKYDw8A17L1W8l4e/rmxWuL5d9L39Bw38jQPyioFuNrhc8vJF4qZFjDDy8kL2trs4W/g38BVe3qPuVXV//a/68xPPjw8uXLzvV4HrBwxuJl1pqBg8vQK/l6pPicP2eq4cjCv/ZsWnTxt3+WQDJA4njBw4c2G5sveDhDdUzd4yBhxew91bJsb+vaVcvqXh9uepHearev3Y7u0z0lsCy9rs3BZ5qaL3g4fE3fzw8A57/27/uAbhvncD15aLwL6revzPP3DTuvH3KFwWlafp5I+sFD4/wx8Mz4m0Vhr/f/Ve/vlwU/sUJ3r8PCt8SWH4jYNLAesHDG61nqhk8vHC8lqu9wvD3u//q15eLwr84wfvXcbVPFP5l3RL5esHDG71nqhk8vHC8reLw97v/6teXi8K/ENy/DwnDf+4UIOL1goc3es9UM3h4QXh+9y/83vu3BdeXi8K/ENy//qcA1a/vlkjXCx5ePZ6pZvDwwvAuEIf/tKszBdeXi8K/EN2/D0nC39ezriYjXC94ePV4lpvBw1N4VXb/4l+8u0t0fbko/AvR/Vvk6q/iX0j8bGTrBQ+P8MfDM+JdIA7/afdvzxRdX646mRDev8t04e9PASJaL3h4hD8enhFvryT8fd0lvL5c9eFEcP96ngKIru+zEa0XPDzCHw/PgPcWcfhPL1ky9lLh9eWq6xPfv8t14e9PASJYL3h4hD8engXPhdVeYfgXaZp+T3l9nU57SnV9uvvnTwHEH54+E/p6wcOr2zPVDB5eXV673d6qDH/3793uf8lZyn7dmFJdn/r+ZVl2hfj+Pbty5Yp1oa4XPLwQPFPN4OHV5aVpulcYXn73L+y3/ACguD71/duwYf0y5z6ifFFQlmW3hLpe8PBC8Ew1g4dXh9fptN8qDH+/+xf26z8AaMJ1GPPhAnu75Pp8PeveFLjO+vrDw6vqmWoGD68Oz+/+NeHlvN3D6Lf7DIAqXIdxfevX/9dEkiSPiF8UdLP19YeHx1sC8fBq8Nyueqsu/P3uf0j95qpwHeJ8fFgY/t36l6vVVtcfHh7hj4dXi+d3/6qdtfO+P8R+c1W4DnE+Frt6RPyioJusrj88PMIfD2/Ent/9S/9mPT02NvayIfabq3bWQ56Pj+jC358CWFt/eHiEPx5eTZ4Lm72a8Pe7/yH3m6t21kOej8WuHhW/KOgma+sPD4/wx8OrwWu32xdIwt/XtKv/HnK/uWpnPYL5uEIX/v4UwMr6w8Mj/PHw6vPuFz+tvnsE/eaqY/URzMeYq0fFLwr6tKH1h4dH+OPh1eC9WRz+067+ZwT95qpj9RHNxxW68PenAAbWHx6exjPVDB7eaLz7xV9V2z2ifnPVsbr++vqfAohfFPRpA+sPD0/jmWoGD2/43puE4e93/6PpNxeFfzHC+dguCX9fz2RZtiri9YeHp/NMNYOHN3zvflH4l/X9Efabi8K/GNV8LFq0aMxdz6PityzeFPH6w8PTeaaawcMbrvcmUfhX2P1L+s1F4V+Mcj6yLPuo+F0Lz6xevWpthOsPD0/rWW4GD0/s3S/+hbq7R9xvLgr/YpTzsX79acu7pwCS8PdvCrw5wvWHh0f44+HV4L1RHP7Trv53xP3movAvRj0fLrCvEv/uwuyzABGtPzw8wh8PrybvPvHP095dQ7+5KPyLUc9H91mAJEn+Jn4A81MRrT88PMIfD6+XF9Ev6HXr367OqqHfXBT+RU3zcaX4GYxnXK2KYP3h4RH+eHg1efdJwt/XD+rot9NpT4nCv6hpPvwpgG4+boxg/eHhDcUz1QweXuA/n+t3/zX068aUKPyLGufjSt18+FOAgNcfHt7QPFPN4OENwfuN+K10P6ir3/IDgOJp+nrmw58CiF8UdGPA6w8Pb2ieqWbw8MTeG3Th73f/9fTrPwAonqaveX4/Kgt/fwqwsgHrGQ/vKC8d4G8ErcSPwtULyTwDD8+Qt2M+r9WaozxYOLL/+LGrP9bXb+Gvr8Lw/dY+v1919XfBfJRjhasrGrCe8fCO8sx8ksHDE3tvkO38/e7/5TX3m6u+Rx/A/F5VfT76nwIYXs94eLwiGA9vQO/X4mPmHwbQb676Hn298+ufBRC/KOgThtczHh7hj4eXHH+crwt/v/sPoN9cFP5FIPN7lST8fT3t3hEwaXA94+ER/nh4yWDj15Lw9/XDQPrNReFfhDC/p5yybrm7pr+Lwr98R8CnDK5nPDzCHw9vgHG+OPxnXL3c4C8aBjG/LrCvFYV/WU+vWbN60tB6xsMj/PHwKuz+FQ+Y/cjojxoFMb/uFGClu75/Kl8UlGXpJw2tZzw8wh8Pb4DxenH4z7jaHFC/uSj8i8Dm92pJ+Pt+n3a10sB6xsOb3zPVDB7eiXl7xF8t+1Fg/eai8C8Cm99xV4+JXxR0g4H1jIc3/zDVDB5ede88Xfj73X9g/eai8C8CnN+PCcN/7hQg4vWMh3f8YaoZPLzq3h5J+Pv6cYD95qLwLwKc3/6nANX73RHxesbDO/4w1QweXjXvPF34+91/gP3movAvAp3fa8TvbnjK1fII1zMe3mDDcjN4eAOOPeJflPtJoP3movAvAp3fY04BBP3uiHA94+ER/nh4g1Di8J9x//bsQPvNVScdAc/vNbLw96cAywLuFw+P8MfDqzjuFf+c7E8C7jdXfdgJeH6POgUQ9fvxgPvFwyP88fCqcOLwn1m8ePH/B9xvruo38Pm9VvxMx5OulgXcLx4e4Y+Ht8D32+8Rhn+RpulPQ+6302lPqfoNfH5nTwHEH+6uD7hfPLxKnqlm8PAGD8PO+crwd/9+Zmxs8ZZQ++3+ezemVP2GPr9Zlu4Qz++Ta9dOrgm1Xzy8Kp6pZvDwBvXSNN0jDIfCeT8Lud+uU34AUPQb+vyuW3fyKnedj4n6Ld8UeEOo/eLhVfFMNYOHN4i3aFHnfGX4l7v/UPvtOv4DgCYMQ57f0nKBvUPSr68nJyfXrA61Xzy8hXqmmsHDG8Qrd/+KcCh3/yH3W1b3GQBVGMbQ78knr12ZJMnj4hcFXRdqv3h4vCUQD28ez+3+X68Lf7/7D7XfF3m5Kgwj6bc7rteFv/9GQMD94uER/nh4vbw0Te9VHgs7756Q+32Rl6vCMJJ+y28EPC5+UdB1AfeLh0f44+Ed6fndv/RvwjMOfVWo/fbwctVOOJJ+y3G9Lvz9KUDA/eLhEf54eEd6adq6VxP+/m//Iffbw8tVO+FI+i3HhKvHxS8KujbgfvHwCH88vCOegD9PEv6+ZlxtCbXfPl6u2glH0u+R4+O68PenAAH3i4dH+OPhHfZ+JX4a/GeB99tr5Kpj8Ej67XEKIH1R0LUB94uHR/jj4SVJcq44/GdcbQm4334jVx2DR9Lvi8cOXfj7U4CA+8XDm98z1QweXm/vl+Kvgt0TeL/9Rq46Bo+k356nAOIXBV0TcL94ePMPU83g4R3rvUYY/mWdE3C/841cFP5FJP32Gjsk4e/riXa7vSzgfvHw+g9TzeDhHev9Uhz+9wTe73wjF4V/EUm/xwwX1hOuvyeULwrKsuz6UPvFw5t3mGoGD+9o79Wy8Pd1TsD9Hm/kovAvIum3p+cC+0bxuyCecD87vDrUfvHw+g7LzeA13vuFOPx/Hni/xxu5KPyLSPrt6U1OnnSS6/UpSfj7NwVeF2q/eHiEP17TvFfLwt/XOQH3O8jIReFfRNJvXy/L0hvFvwvRfRZgItR+8fAIf7wmeb8Qh//PA+93kJGLwr+IpN++XrudLU+S5CnxA6JXh9ovHh7hj9cU7z/t3c1u00AUBWD/1F4gpCakiCdpK7VIFIkFs+hTsGAPbGlpC2KJ4FGgavlRH4C+A/tKSA2sWYShIhmHFs/YuYa5x+dKV+w+dHwndpzamk2xi7/r1YjzhpaRevpdSV6f91T4GZGvtq9HnJcePdww9Oj9rhPhi//byPMGVVEsbUs9/a4hb4DnfgWQWy9PIs5Lj96cBxWGHj139y+68ctqxHmDPVvbUk+/a8gb6O3IrRf3K0DEeenRm3lQYejRs3UifPF/F3neYG/6BUDi6XcNef2e+xVAeKOgxxHnpUdv5kGFodd7b0Ps4u96LeK8wZ77AiDz6puGvA28Hbn14n4FiDgvPXoXnQX8jSBNXE1s/0hqih69/+jt13lpOqMcOJkkNXVo+zTivA29iS9vEnL89OQN9l7bHgevF3+t2H4YcV569C48mG8y9HrvbYjd+bteizhvG89IvfeuJG+T2hVYL9U+s30t4rz06PUgDL2+eJ+EL/6Hkedt4xmp996V5G1Sy7bPhTcKehRxXnr0wMPQm6s8z0ZFUdz/s3/9N207Eu+B2MXf9aq2+QZ4Ruq9dyV5m9ZuTd42fVYUSwbw83ZP6Xzp8eLfX0/uPXB3cQD1DjXON8AzUsdPSd5GNRoNV2zGc8D1PGvuBUEPPwy9v74HDnoykvbWNM43wDNSx09J3sZenucHgOt51twLgl61MsVPL9Jr74k8DQ7qHdk+VT5f5wkeP9S8VW84HLyx/4yB1jPnS+/Cg/4mQy/sPXDAOxFpb13rfAM8I3X8lORt6z0DWs9zzb0g6FUrg/kmQy/Am0DfiQh4x7Y/650v7/yFvFe2xwDrmfOlV++hfJOhF+QZwDsRSW9d+Xx9ZaSOn5K8i3h7AOv5kse9IOjNFVQYej7PIJ6MhLwjgPn6ykgdPyV5F/GWbY8Vr+crPe4FQW+uoMLQ83kG8WQk5G0CzNdXRur4Kcm7qLeneD1f6XEvCHpzhRyG3iXPIJ6MBLz3IPP11R3bX6adpumlTpIkqJXkXdQb2v6mcD137oHMlx5qGHpXegbxZDTt9lZyG2S+9OS9fW3ruc7jXhD0ePHvr2cQT0YLesdA86Un7w1sjxWt51qPe0HQ48W/v54BPRm17rIstoDmS68b70DLevZ53AuCHmwYel7PgJ6MWnWWpR/A5ktP3HO/AsS+nkM87gVBr+pBhaHnLQN6MmrllWW5BTZfeh15WZa9iH09h3jcC4Je1YMKQ89bBvRk1NjLsuwj4HzpdeSNRjdupmk6jnU9/2sPbb599aDC0POWAT0ZNfbKsrwLOF96HXp5nr+MdT2HetwLgl7VgwpDz1sG9GQU6s3u/kHnS69DbzBYvpUkyXf0z0eIhzhfeqhh6E3LgJ6MAj139w86X3rde8/RPx/cC6I/3k81ErcrDx8k3AAAAABJRU5ErkJggg==', '2025-04-03 08:03:50', '2025-04-03 08:03:50');

-- --------------------------------------------------------

--
-- Table structure for table `users`
--

CREATE TABLE `users` (
  `id` bigint UNSIGNED NOT NULL,
  `name` varchar(255) COLLATE utf8mb4_unicode_ci NOT NULL,
  `telegram_id` varchar(255) COLLATE utf8mb4_unicode_ci NOT NULL,
  `is_admin` tinyint(1) NOT NULL DEFAULT '0',
  `username` varchar(255) COLLATE utf8mb4_unicode_ci DEFAULT NULL,
  `password` varchar(255) COLLATE utf8mb4_unicode_ci DEFAULT NULL,
  `remember_token` varchar(100) COLLATE utf8mb4_unicode_ci DEFAULT NULL,
  `created_at` timestamp NULL DEFAULT NULL,
  `updated_at` timestamp NULL DEFAULT NULL
) ENGINE=InnoDB DEFAULT CHARSET=utf8mb4 COLLATE=utf8mb4_unicode_ci;

--
-- Dumping data for table `users`
--

INSERT INTO `users` (`id`, `name`, `telegram_id`, `is_admin`, `username`, `password`, `remember_token`, `created_at`, `updated_at`) VALUES
(1, 'Esanov Otabek', '654806913', 1, 'beootabek', '$2y$12$noGc6wSs1R5yA3S9JYNr4.fulqSa8FktZalWU0x7/pVDjnIyGuiPS', 'QlD2LJSC49NzFKpUVfCdZ6MDONzCvh0lZ7T2RhkmHIaYiBoa1SPpZB0jEXuq', '2025-03-05 07:07:38', '2025-03-05 07:07:38');

--
-- Indexes for dumped tables
--

--
-- Indexes for table `cache`
--
ALTER TABLE `cache`
  ADD PRIMARY KEY (`key`);

--
-- Indexes for table `cache_locks`
--
ALTER TABLE `cache_locks`
  ADD PRIMARY KEY (`key`);

--
-- Indexes for table `failed_jobs`
--
ALTER TABLE `failed_jobs`
  ADD PRIMARY KEY (`id`),
  ADD UNIQUE KEY `failed_jobs_uuid_unique` (`uuid`);

--
-- Indexes for table `jobs`
--
ALTER TABLE `jobs`
  ADD PRIMARY KEY (`id`),
  ADD KEY `jobs_queue_index` (`queue`);

--
-- Indexes for table `job_batches`
--
ALTER TABLE `job_batches`
  ADD PRIMARY KEY (`id`);

--
-- Indexes for table `migrations`
--
ALTER TABLE `migrations`
  ADD PRIMARY KEY (`id`);

--
-- Indexes for table `password_reset_tokens`
--
ALTER TABLE `password_reset_tokens`
  ADD PRIMARY KEY (`telegram_id`);

--
-- Indexes for table `questions`
--
ALTER TABLE `questions`
  ADD PRIMARY KEY (`id`),
  ADD KEY `questions_quiz_id_foreign` (`quiz_id`);

--
-- Indexes for table `quizzes`
--
ALTER TABLE `quizzes`
  ADD PRIMARY KEY (`id`),
  ADD KEY `quizzes_subject_id_foreign` (`subject_id`);

--
-- Indexes for table `sessions`
--
ALTER TABLE `sessions`
  ADD PRIMARY KEY (`id`),
  ADD KEY `sessions_user_id_index` (`user_id`),
  ADD KEY `sessions_last_activity_index` (`last_activity`);

--
-- Indexes for table `subjects`
--
ALTER TABLE `subjects`
  ADD PRIMARY KEY (`id`);

--
-- Indexes for table `users`
--
ALTER TABLE `users`
  ADD PRIMARY KEY (`id`),
  ADD UNIQUE KEY `users_telegram_id_unique` (`telegram_id`);

--
-- AUTO_INCREMENT for dumped tables
--

--
-- AUTO_INCREMENT for table `failed_jobs`
--
ALTER TABLE `failed_jobs`
  MODIFY `id` bigint UNSIGNED NOT NULL AUTO_INCREMENT;

--
-- AUTO_INCREMENT for table `jobs`
--
ALTER TABLE `jobs`
  MODIFY `id` bigint UNSIGNED NOT NULL AUTO_INCREMENT;

--
-- AUTO_INCREMENT for table `migrations`
--
ALTER TABLE `migrations`
  MODIFY `id` int UNSIGNED NOT NULL AUTO_INCREMENT, AUTO_INCREMENT=7;

--
-- AUTO_INCREMENT for table `questions`
--
ALTER TABLE `questions`
  MODIFY `id` bigint UNSIGNED NOT NULL AUTO_INCREMENT, AUTO_INCREMENT=32;

--
-- AUTO_INCREMENT for table `quizzes`
--
ALTER TABLE `quizzes`
  MODIFY `id` bigint UNSIGNED NOT NULL AUTO_INCREMENT, AUTO_INCREMENT=5;

--
-- AUTO_INCREMENT for table `subjects`
--
ALTER TABLE `subjects`
  MODIFY `id` bigint UNSIGNED NOT NULL AUTO_INCREMENT, AUTO_INCREMENT=4;

--
-- AUTO_INCREMENT for table `users`
--
ALTER TABLE `users`
  MODIFY `id` bigint UNSIGNED NOT NULL AUTO_INCREMENT, AUTO_INCREMENT=2;

--
-- Constraints for dumped tables
--

--
-- Constraints for table `questions`
--
ALTER TABLE `questions`
  ADD CONSTRAINT `questions_quiz_id_foreign` FOREIGN KEY (`quiz_id`) REFERENCES `quizzes` (`id`) ON DELETE CASCADE;

--
-- Constraints for table `quizzes`
--
ALTER TABLE `quizzes`
  ADD CONSTRAINT `quizzes_subject_id_foreign` FOREIGN KEY (`subject_id`) REFERENCES `subjects` (`id`) ON DELETE CASCADE;
COMMIT;

/*!40101 SET CHARACTER_SET_CLIENT=@OLD_CHARACTER_SET_CLIENT */;
/*!40101 SET CHARACTER_SET_RESULTS=@OLD_CHARACTER_SET_RESULTS */;
/*!40101 SET COLLATION_CONNECTION=@OLD_COLLATION_CONNECTION */;
